H	clla-fe-s9001-bac-20260921T153408Z
P	A	1	5001	1.00	5733	220.5	0.000	547.922	0.000	0.000	0.000	0.000	397.749	-112.237
P	A	2	7001	1.00	1655	63.7	0.000	372.204	0.000	0.000	0.000	0.000	1377.689	-366.272
P	A	3	9001	1.00	1464	56.3	98.701	319.080	0.000	0.000	0.000	0.000	1368.149	-451.450
P	A	4	11001	0.98	1696	65.2	257.532	294.881	0.000	0.000	0.000	0.000	1193.294	-521.150
P	A	5	13001	1.00	1644	63.2	463.856	272.902	0.000	0.000	0.000	0.000	1080.617	-550.028
P	A	6	15001	1.00	1081	41.6	600.559	269.721	0.000	0.000	0.000	0.000	966.692	-571.499
P	A	7	17001	1.00	1370	52.7	675.159	267.455	0.000	0.000	0.000	0.000	904.603	-637.568
P	A	8	19001	1.00	1607	61.8	808.380	244.898	0.000	0.000	0.000	0.000	821.920	-718.171
P	A	9	21001	1.00	1558	59.9	904.170	207.019	0.000	0.000	0.000	0.000	801.036	-775.999
P	A	10	23001	0.98	1649	63.4	961.387	184.513	0.000	0.000	0.000	0.000	782.496	-838.775
P	A	11	25001	1.00	1473	56.7	1004.703	173.439	0.000	0.000	0.000	0.000	791.471	-819.742
P	A	12	27001	0.98	1245	47.9	1063.582	156.779	0.000	0.000	0.000	0.000	769.308	-881.149
P	A	13	29001	1.00	1732	66.6	1070.652	158.618	0.000	0.000	0.000	0.000	774.064	-895.685
P	A	14	31001	0.98	1460	56.2	1121.024	162.401	0.000	0.000	0.000	0.000	733.708	-931.569
P	A	15	33001	0.98	1503	57.8	1173.976	154.173	0.000	0.000	0.000	0.000	700.813	-878.243
P	A	16	35001	1.00	1539	59.2	1215.282	150.173	0.000	0.000	0.000	0.000	676.719	-871.451
P	A	17	37001	0.98	1025	39.4	1215.735	143.319	0.000	0.000	0.000	0.000	704.532	-961.710
P	A	18	39001	1.00	1394	53.6	1270.757	139.348	0.000	0.000	0.000	0.000	665.721	-903.316
P	A	19	41001	1.00	1446	55.6	1269.942	148.403	0.000	0.000	0.000	0.000	665.266	-984.181
P	A	20	43001	1.00	1540	59.2	1269.118	144.673	0.000	0.000	0.000	0.000	677.171	-960.526
P	C	21	45001	0.25	105	4.0	0.000	0.000	0.000	35.740	0.000	0.000	177.413	-175.877
P	C	22	47001	0.25	80	3.1	0.000	0.000	0.000	40.949	0.000	0.000	181.093	-118.742
P	C	23	49001	0.27	103	4.0	0.000	0.000	2.468	39.791	0.000	0.000	183.468	-87.538
P	C	24	51001	0.27	98	3.8	0.000	0.000	5.374	36.768	0.000	0.000	185.553	-57.495
P	C	25	53001	0.27	126	4.8	0.000	0.000	13.039	33.877	0.000	0.000	188.411	-41.659
P	C	26	55001	0.27	92	3.5	0.000	0.000	21.935	30.114	0.000	0.000	191.262	-32.558
P	C	27	57001	0.27	140	5.4	0.000	0.000	30.667	27.110	0.000	0.000	192.968	-23.392
P	C	28	59001	0.27	169	6.5	0.000	0.000	33.315	28.875	0.000	0.000	195.833	-25.335
P	C	29	61001	0.27	179	6.9	0.000	0.000	32.969	30.229	0.000	0.000	198.252	-22.918
P	C	30	63001	0.27	254	9.8	0.000	0.000	33.699	31.217	0.000	0.000	200.471	-29.288
P	C	31	65001	0.27	285	11.0	0.000	0.000	37.722	30.448	0.000	0.000	203.310	-36.916
P	C	32	67001	0.27	327	12.6	0.000	0.000	40.929	29.846	0.000	0.000	206.245	-42.989
P	C	33	69001	0.27	211	8.1	0.000	0.000	44.299	29.576	0.000	0.000	208.930	-53.204
P	C	34	71001	0.27	339	13.0	0.000	0.000	44.755	30.360	0.000	0.000	210.019	-47.626
P	C	35	73001	0.27	322	12.4	0.000	0.000	45.486	32.282	0.000	0.000	211.470	-48.975
P	C	36	75001	0.27	707	27.2	0.000	0.000	53.318	29.296	0.000	0.000	212.615	-47.046
P	C	37	77001	0.27	602	23.2	0.000	0.000	56.932	28.984	0.000	0.000	213.058	-54.546
P	C	38	79001	0.27	612	23.5	0.000	0.000	57.890	29.127	0.000	0.000	213.058	-54.315
P	C	39	81001	0.27	513	19.7	0.000	0.000	57.088	30.739	0.000	0.000	213.058	-56.655
P	C	40	83001	0.27	532	20.5	0.000	0.000	57.984	30.722	0.000	0.000	213.058	-63.756
G	5501	7001	59
G	7501	9001	1
G	9501	11001	34
G	11501	13001	47
G	13501	15001	87
G	15501	17001	41
G	17501	19001	193
G	19501	21001	81
G	21501	23001	164
G	23501	25001	47
G	25501	27001	41
G	27501	29001	184
G	29501	31001	63
G	31501	33001	54
G	33501	35001	40
G	35501	37001	47
G	37501	39001	145
G	39501	41001	45
G	41501	43001	15
G	43501	45001	2
G	45501	47001	26
G	47501	49001	0
G	49501	51001	0
G	51501	53001	28
G	53501	55001	0
G	55501	57001	0
G	57501	59001	26
G	59501	61001	0
G	61501	63001	15
G	63501	65001	0
G	65501	67001	1
G	67501	69001	42
G	69501	71001	0
G	71501	73001	0
G	73501	75001	2
G	75501	77001	24
G	77501	79001	0
G	79501	81001	6
G	81501	83001	10
E	7100	A	1
E	7200	A	1
E	7200	A	1
E	7200	A	1
E	7200	A	1
E	7200	A	1
E	7200	A	1
E	7200	A	1
E	7200	A	1
E	7200	A	1
E	7200	A	1
E	7200	A	1
E	7200	A	1
E	7200	A	1
E	7200	A	1
E	7200	A	1
E	7200	A	1
E	7200	A	1
E	7200	A	1
E	7200	A	1
E	7200	A	1
E	7300	A	1
E	7300	A	1
E	7300	A	1
E	7300	A	1
E	7300	A	1
E	7300	A	1
E	7300	A	1
E	7300	A	1
E	7300	A	1
E	7300	A	1
E	7300	A	1
E	7300	A	1
E	7300	A	1
E	7300	A	1
E	7300	A	1
E	7300	A	1
E	7300	A	1
E	7300	A	1
E	7300	A	1
E	7300	A	1
E	7300	A	1
E	7400	A	1
E	7400	A	1
E	7400	A	1
E	7400	A	1
E	7400	A	1
E	7400	A	1
E	7400	A	1
E	7400	A	1
E	7400	A	1
E	7400	A	1
E	7400	A	1
E	7400	A	1
E	7500	A	1
E	7500	A	1
E	7500	A	1
E	7500	A	1
E	7500	A	1
E	7500	A	1
E	7500	A	1
E	7500	A	1
E	7500	A	1
E	7500	A	1
E	7500	A	1
E	7500	A	1
E	7500	A	1
E	7500	A	1
E	7500	A	1
E	7500	A	1
E	7500	A	1
E	7500	A	1
E	7500	A	1
E	7500	A	1
E	7500	A	1
E	7500	A	1
E	9100	A	1
E	9200	A	1
E	9200	A	1
E	9200	A	1
E	9200	A	1
E	9300	A	1
E	9300	A	1
E	9300	A	1
E	9300	A	1
E	9300	A	1
E	9300	A	1
E	9300	A	1
E	9300	A	1
E	9300	A	1
E	9300	A	1
E	9300	A	1
E	9300	A	1
E	9300	A	1
E	9300	A	1
E	9300	A	1
E	9300	A	1
E	9400	A	1
E	9400	A	1
E	9400	A	1
E	9400	A	1
E	9400	A	1
E	9400	A	1
E	9400	A	1
E	9400	A	1
E	9400	A	1
E	9400	A	1
E	9400	A	1
E	9400	A	1
E	9400	A	1
E	9500	A	1
E	9500	A	1
E	9500	A	1
E	9500	A	1
E	9500	A	1
E	9500	A	1
E	9500	A	1
E	9500	A	1
E	9500	A	1
E	9500	A	1
E	9500	A	1
E	9500	A	1
E	11100	A	1
E	11100	A	1
E	11100	A	1
E	11200	A	1
E	11200	A	1
E	11200	A	1
E	11300	A	1
E	11300	A	1
E	11300	A	1
E	11300	A	1
E	11300	A	1
E	11400	A	1
E	11400	A	1
E	11400	A	1
E	11400	A	1
E	11400	A	1
E	11500	A	1
E	11500	A	1
E	11500	A	1
E	11500	A	1
E	11500	A	1
E	13200	A	1
E	13200	A	1
E	13200	A	1
E	13200	A	1
E	13300	A	1
E	13300	A	1
E	13300	A	1
E	13300	A	1
E	13300	A	1
E	13300	A	1
E	13400	A	1
E	13400	A	1
E	13400	A	1
E	13400	A	1
E	13400	A	1
E	15100	A	1
E	15200	A	1
E	15200	A	1
E	15200	A	1
E	15200	A	1
E	15300	A	1
E	15300	A	1
E	15400	A	1
E	15400	A	1
E	15400	A	1
E	15500	A	1
E	17200	A	1
E	17300	A	1
E	17300	A	1
E	17400	A	1
E	17400	A	1
E	17400	B	1
E	17500	A	1
E	17500	A	1
E	17500	A	1
E	17500	A	1
E	17500	A	1
E	17500	A	1
E	17500	A	1
E	17500	A	1
E	19200	A	1
E	19200	A	1
E	19300	A	1
E	19300	A	1
E	19300	A	1
E	19300	A	1
E	19400	A	1
E	19400	A	1
E	19400	A	1
E	19500	A	1
E	19500	A	1
E	19500	A	1
E	19500	A	1
E	19500	A	1
E	19500	A	1
E	19500	A	1
E	19500	A	1
E	21300	A	1
E	21400	A	1
E	21500	A	1
E	21500	A	1
E	21500	A	1
E	21500	A	1
E	21500	A	1
E	21500	A	1
E	21500	A	1
E	23300	A	1
E	23300	A	1
E	23300	A	1
E	23400	A	1
E	23400	A	1
E	23500	A	1
E	23500	A	1
E	25200	A	1
E	25300	A	1
E	25400	A	1
E	25400	A	1
E	25500	A	1
E	27500	A	1
E	27500	A	1
E	27500	A	1
E	27500	A	1
E	27500	A	1
E	27500	A	1
E	29300	A	1
E	29400	A	1
E	29400	A	1
E	29500	A	1
E	31200	A	1
E	31200	A	1
E	31300	A	1
E	31500	A	1
E	33500	A	1
E	33500	A	1
E	35300	A	1
E	35300	A	1
E	35400	A	1
E	35500	A	1
E	37300	A	1
E	37400	A	1
E	37500	A	1
E	37500	A	1
E	39200	A	1
E	39400	A	1
E	41300	A	1
E	41300	A	1
E	41300	A	1
E	41300	A	1
E	41400	A	1
E	43300	A	1
E	43400	A	1
E	43400	A	1
E	43400	A	1
E	43500	A	1
E	43500	A	1
E	47400	C	1
E	47500	C	1
E	49200	C	1
E	51500	C	1
E	51500	C	1
E	51500	C	1
E	51500	C	1
E	53400	C	1
E	55200	C	1
E	57300	C	1
E	57300	C	1
E	61500	C	1
E	63400	C	1
E	63500	C	1
E	63500	C	1
E	65300	C	1
E	65300	C	1
E	67400	C	1
E	71400	C	1
E	71500	C	1
E	71500	C	1
E	77400	C	1
E	81500	C	1
E	81500	C	1
E	81500	C	1
E	83400	C	1
E	83500	C	1
E	83500	C	1
E	83500	C	1
X	1500	B	1
X	1500	B	1
X	1600	B	1
X	1900	B	1
X	2200	B	1
X	2200	B	1
X	2200	B	1
X	2400	B	1
X	2500	B	1
X	2600	B	1
X	2700	B	1
X	2700	B	1
X	2800	B	1
X	2800	B	1
X	2800	B	1
X	2800	B	1
X	2800	B	1
X	2900	B	1
X	2900	B	1
X	3100	B	1
X	3100	B	1
X	3300	B	1
X	3400	B	1
X	3400	B	1
X	3400	B	1
X	3500	B	1
X	3500	B	1
X	3500	B	1
X	3500	B	1
X	3600	B	1
X	3700	B	1
X	3900	B	1
X	4000	B	1
X	4000	B	1
X	4100	B	1
X	4200	B	1
X	4200	B	1
X	4400	B	1
X	4500	B	1
X	4500	B	1
X	4600	B	1
X	4700	B	1
X	4700	B	1
X	4900	B	1
X	5000	B	1
X	5000	B	1
X	5100	B	1
X	5100	B	1
X	5800	B	1
X	6000	B	1
X	6000	B	1
X	6000	B	1
X	6000	B	1
X	6000	B	1
X	6000	B	1
X	6000	B	1
X	6000	B	1
X	6000	B	1
X	6000	B	1
X	6000	B	1
X	6000	B	1
X	6000	B	1
X	6000	B	1
X	6000	B	1
X	6000	B	1
X	6000	B	1
X	6000	B	1
X	6000	B	1
X	6000	B	1
X	6000	B	1
X	6000	B	1
X	6000	B	1
X	6000	B	1
X	6000	B	1
X	6000	B	1
X	6000	B	1
X	6000	B	1
X	6000	B	1
X	6000	B	1
X	6000	B	1
X	6000	B	1
X	6000	B	1
X	6000	B	1
X	6000	B	1
X	6000	B	1
X	6000	B	1
X	6000	B	1
X	6000	B	1
X	6000	B	1
X	6000	B	1
X	6000	B	1
X	6000	B	1
X	6000	B	1
X	6000	B	1
X	6000	B	1
X	6000	B	1
X	6000	B	1
X	6000	B	1
X	6000	B	1
X	6000	B	1
X	6000	B	1
X	6000	B	1
X	6000	B	1
X	6000	B	1
X	6000	B	1
X	6000	B	1
X	6000	B	1
X	6000	B	1
X	6000	B	1
X	6000	B	1
X	6100	B	1
X	6100	B	1
X	6100	B	1
X	6100	B	1
X	6100	B	1
X	6100	B	1
X	6100	B	1
X	6100	B	1
X	6100	B	1
X	6100	B	1
X	6100	B	1
X	6100	B	1
X	6100	B	1
X	6100	B	1
X	6100	B	1
X	6100	B	1
X	6100	B	1
X	6100	B	1
X	6100	B	1
X	6100	B	1
X	6200	B	1
X	6200	B	1
X	6200	B	1
X	6200	B	1
X	6200	B	1
X	6200	B	1
X	6200	B	1
X	6200	B	1
X	6200	B	1
X	6200	B	1
X	6200	B	1
X	6200	B	1
X	6200	A	1
X	6200	B	1
X	6200	B	1
X	6200	B	1
X	6200	B	1
X	6200	B	1
X	6200	A	1
X	6200	B	1
X	6200	B	1
X	6200	A	1
X	6200	B	1
X	6200	B	1
X	6200	B	1
X	6200	B	1
X	6200	B	1
X	6200	B	1
X	6200	B	1
X	6200	A	1
X	6200	B	1
X	6200	B	1
X	6200	B	1
X	6200	B	1
X	6200	B	1
X	6200	B	1
X	6200	B	1
X	6200	B	1
X	6200	B	1
X	6200	B	1
X	6200	B	1
X	6200	B	1
X	6200	B	1
X	6200	B	1
X	6200	B	1
X	6200	B	1
X	6200	B	1
X	6200	B	1
X	6200	B	1
X	6200	B	1
X	6200	B	1
X	6200	B	1
X	6200	B	1
X	6200	B	1
X	6200	B	1
X	6200	B	1
X	6200	B	1
X	6200	A	1
X	6200	B	1
X	6200	B	1
X	6200	B	1
X	6200	B	1
X	6200	B	1
X	6200	A	1
X	6200	B	1
X	6200	B	1
X	6200	B	1
X	6200	B	1
X	6200	B	1
X	6200	B	1
X	6200	B	1
X	6200	B	1
X	6200	B	1
X	6200	B	1
X	6200	B	1
X	6200	B	1
X	6200	B	1
X	6200	B	1
X	6200	B	1
X	6200	B	1
X	6200	B	1
X	6200	B	1
X	6200	B	1
X	6300	C	1
X	6300	C	1
X	6300	C	1
X	6300	C	1
X	6300	C	1
X	6300	B	1
X	6300	B	1
X	6300	B	1
X	6300	B	1
X	6300	C	1
X	6300	C	1
X	6300	C	1
X	6300	B	1
X	6300	B	1
X	6300	B	1
X	6300	A	1
X	6300	C	1
X	6300	C	1
X	6300	B	1
X	6300	B	1
X	6300	A	1
X	6300	C	1
X	6300	C	1
X	6300	C	1
X	6300	C	1
X	6300	C	1
X	6300	B	1
X	6300	B	1
X	6300	B	1
X	6300	B	1
X	6300	A	1
X	6300	C	1
X	6300	C	1
X	6300	C	1
X	6300	B	1
X	6300	B	1
X	6300	B	1
X	6300	C	1
X	6300	B	1
X	6300	B	1
X	6300	A	1
X	6300	C	1
X	6300	C	1
X	6300	C	1
X	6300	C	1
X	6300	C	1
X	6300	B	1
X	6300	B	1
X	6300	B	1
X	6300	B	1
X	6300	C	1
X	6300	C	1
X	6300	B	1
X	6300	C	1
X	6300	C	1
X	6300	C	1
X	6300	B	1
X	6300	B	1
X	6300	B	1
X	6300	B	1
X	6300	B	1
X	6300	B	1
X	6300	C	1
X	6300	C	1
X	6300	B	1
X	6300	A	1
X	6300	A	1
X	6300	C	1
X	6300	B	1
X	6300	C	1
X	6300	C	1
X	6300	C	1
X	6300	B	1
X	6300	C	1
X	6300	B	1
X	6300	B	1
X	6300	C	1
X	6300	C	1
X	6300	B	1
X	6300	B	1
X	6300	A	1
X	6300	C	1
X	6300	B	1
X	6400	B	1
X	6400	B	1
X	6400	B	1
X	6400	B	1
X	6400	B	1
X	6400	B	1
X	6400	C	1
X	6400	C	1
X	6400	B	1
X	6400	B	1
X	6400	B	1
X	6400	B	1
X	6400	B	1
X	6400	B	1
X	6400	B	1
X	6400	B	1
X	6400	B	1
X	6400	C	1
X	6400	B	1
X	6400	B	1
X	6400	A	1
X	6400	C	1
X	6400	B	1
X	6400	B	1
X	6400	B	1
X	6400	B	1
X	6400	B	1
X	6400	B	1
X	6400	B	1
X	6400	B	1
X	6400	B	1
X	6400	C	1
X	6400	C	1
X	6400	B	1
X	6400	B	1
X	6400	B	1
X	6400	B	1
X	6400	B	1
X	6400	B	1
X	6400	B	1
X	6500	A	1
X	6500	A	1
X	6500	B	1
X	6500	B	1
X	6500	B	1
X	6500	A	1
X	6500	A	1
X	6500	B	1
X	6500	B	1
X	6500	B	1
X	6500	B	1
X	6500	C	1
X	6500	C	1
X	6500	B	1
X	6500	B	1
X	6500	B	1
X	6500	B	1
X	6500	B	1
X	6500	B	1
X	6500	C	1
X	6500	C	1
X	6500	C	1
X	6500	B	1
X	6500	B	1
X	6500	C	1
X	6500	C	1
X	6500	B	1
X	6500	C	1
X	6500	C	1
X	6500	C	1
X	6500	B	1
X	6500	A	1
X	6500	C	1
X	6500	C	1
X	6500	B	1
X	6500	B	1
X	6500	B	1
X	6500	A	1
X	6500	C	1
X	6500	C	1
X	6500	C	1
X	6500	B	1
X	6500	B	1
X	6500	B	1
X	6500	B	1
X	6500	B	1
X	6500	A	1
X	6500	C	1
X	6500	B	1
X	6500	B	1
X	6500	B	1
X	6500	C	1
X	6500	B	1
X	6500	B	1
X	6500	B	1
X	6500	B	1
X	6500	B	1
X	6500	B	1
X	6500	B	1
X	6500	A	1
X	6500	C	1
X	6500	B	1
X	6500	B	1
X	6500	B	1
X	6500	B	1
X	6500	B	1
X	6500	B	1
X	6500	C	1
X	6500	B	1
X	6500	B	1
X	6500	B	1
X	6600	A	1
X	6600	C	1
X	6600	C	1
X	6600	C	1
X	6600	B	1
X	6600	B	1
X	6600	B	1
X	6600	C	1
X	6600	B	1
X	6600	B	1
X	6600	B	1
X	6600	B	1
X	6600	A	1
X	6600	A	1
X	6600	A	1
X	6600	C	1
X	6600	C	1
X	6600	B	1
X	6600	B	1
X	6600	B	1
X	6600	C	1
X	6600	C	1
X	6600	B	1
X	6600	A	1
X	6700	A	1
X	6700	B	1
X	6800	C	1
X	7000	B	1
X	7100	C	1
X	7100	C	1
X	7200	B	1
X	7200	B	1
X	7200	C	1
X	7300	C	1
X	7400	C	1
X	7400	B	1
X	7600	C	1
X	7600	B	1
X	7700	B	1
X	7800	C	1
X	7800	B	1
X	7800	B	1
X	7800	C	1
X	7900	B	1
X	8000	B	1
X	8000	B	1
X	8000	B	1
X	8000	B	1
X	8000	B	1
X	8100	B	1
X	8100	A	1
X	8100	A	1
X	8100	A	1
X	8100	B	1
X	8100	C	1
X	8100	A	1
X	8100	B	1
X	8100	B	1
X	8100	C	1
X	8100	B	1
X	8100	C	1
X	8100	C	1
X	8100	C	1
X	8100	C	1
X	8100	C	1
X	8100	C	1
X	8100	B	1
X	8100	A	1
X	8100	A	1
X	8100	C	1
X	8100	A	1
X	8100	C	1
X	8100	C	1
X	8100	B	1
X	8200	A	1
X	8200	B	1
X	8200	B	1
X	8200	A	1
X	8200	A	1
X	8200	B	1
X	8200	C	1
X	8200	B	1
X	8200	A	1
X	8200	A	1
X	8200	C	1
X	8200	C	1
X	8200	C	1
X	8200	B	1
X	8200	B	1
X	8200	B	1
X	8200	A	1
X	8200	C	1
X	8200	A	1
X	8200	C	1
X	8200	A	1
X	8200	C	1
X	8200	C	1
X	8300	B	1
X	8300	B	1
X	8300	B	1
X	8300	C	1
X	8300	B	1
X	8300	A	1
X	8300	B	1
X	8300	B	1
X	8300	B	1
X	8300	A	1
X	8300	A	1
X	8300	C	1
X	8300	B	1
X	8300	A	1
X	8300	B	1
X	8300	B	1
X	8300	A	1
X	8300	C	1
X	8300	C	1
X	8400	A	1
X	8400	A	1
X	8400	A	1
X	8400	A	1
X	8400	A	1
X	8400	A	1
X	8400	A	1
X	8400	B	1
X	8400	A	1
X	8400	A	1
X	8400	A	1
X	8400	A	1
X	8400	B	1
X	8400	A	1
X	8400	C	1
X	8400	C	1
X	8400	A	1
X	8400	A	1
X	8500	A	1
X	8500	B	1
X	8500	A	1
X	8500	B	1
X	8500	B	1
X	8500	B	1
X	8500	B	1
X	8500	B	1
X	8500	B	1
X	8500	B	1
X	8500	A	1
X	8500	C	1
X	8500	C	1
X	8500	B	1
X	8600	A	1
X	8600	C	1
X	8700	B	1
X	8700	C	1
X	8700	A	1
X	8900	C	1
X	8900	B	1
X	8900	A	1
X	9000	B	1
X	9200	B	1
X	9300	B	1
X	9300	B	1
X	9400	C	1
X	9400	B	1
X	9400	B	1
X	9400	B	1
X	9900	B	1
X	9900	B	1
X	9900	B	1
X	10000	B	1
X	10000	B	1
X	10000	B	1
X	10000	B	1
X	10000	B	1
X	10000	B	1
X	10000	B	1
X	10000	B	1
X	10000	B	1
X	10000	B	1
X	10100	B	1
X	10100	B	1
X	10100	B	1
X	10100	B	1
X	10200	A	1
X	10200	B	1
X	10300	A	1
X	10300	B	1
X	10300	B	1
X	10300	A	1
X	10300	A	1
X	10300	C	1
X	10300	B	1
X	10300	C	1
X	10300	B	1
X	10300	A	1
X	10300	A	1
X	10300	A	1
X	10400	B	1
X	10400	B	1
X	10400	B	1
X	10400	B	1
X	10400	B	1
X	10400	B	1
X	10400	B	1
X	10400	B	1
X	10400	B	1
X	10400	B	1
X	10400	B	1
X	10400	B	1
X	10400	B	1
X	10400	B	1
X	10400	B	1
X	10400	B	1
X	10400	A	1
X	10400	A	1
X	10400	B	1
X	10500	C	1
X	10500	C	1
X	10500	B	1
X	10500	B	1
X	10500	B	1
X	10500	B	1
X	10500	C	1
X	10500	C	1
X	10500	A	1
X	10500	B	1
X	10500	C	1
X	10500	B	1
X	10500	C	1
X	10500	A	1
X	10600	B	1
X	10600	B	1
X	10700	A	1
X	10700	B	1
X	10800	C	1
X	10800	C	1
X	10900	C	1
X	11000	B	1
X	11400	C	1
X	11800	B	1
X	11800	B	1
X	11900	B	1
X	12000	B	1
X	12000	B	1
X	12100	A	1
X	12100	B	1
X	12100	A	1
X	12100	B	1
X	12200	C	1
X	12200	C	1
X	12200	B	1
X	12200	B	1
X	12200	B	1
X	12200	A	1
X	12200	B	1
X	12200	A	1
X	12200	A	1
X	12200	C	1
X	12300	C	1
X	12300	B	1
X	12300	B	1
X	12300	B	1
X	12300	B	1
X	12300	B	1
X	12300	B	1
X	12300	A	1
X	12300	B	1
X	12300	B	1
X	12300	A	1
X	12300	B	1
X	12300	C	1
X	12300	C	1
X	12400	B	1
X	12400	B	1
X	12400	B	1
X	12400	B	1
X	12400	A	1
X	12400	B	1
X	12400	B	1
X	12400	A	1
X	12400	B	1
X	12400	B	1
X	12400	B	1
X	12400	B	1
X	12400	B	1
X	12400	B	1
X	12400	A	1
X	12400	B	1
X	12500	B	1
X	12500	B	1
X	12500	A	1
X	12500	A	1
X	12500	B	1
X	12500	B	1
X	12500	C	1
X	12800	B	1
X	13000	B	1
X	13100	B	1
X	13100	C	1
X	13600	B	1
X	13700	B	1
X	14000	B	1
X	14000	B	1
X	14000	B	1
X	14100	B	1
X	14100	A	1
X	14100	B	1
X	14100	B	1
X	14100	B	1
X	14200	B	1
X	14200	B	1
X	14200	B	1
X	14200	B	1
X	14200	A	1
X	14200	A	1
X	14200	B	1
X	14200	A	1
X	14200	C	1
X	14200	C	1
X	14200	B	1
X	14200	B	1
X	14300	B	1
X	14300	B	1
X	14300	B	1
X	14300	A	1
X	14300	B	1
X	14300	B	1
X	14300	B	1
X	14400	B	1
X	14400	B	1
X	14400	B	1
X	14400	B	1
X	14400	B	1
X	14400	B	1
X	14400	B	1
X	14400	B	1
X	14400	B	1
X	14400	B	1
X	14400	A	1
X	14400	B	1
X	14500	B	1
X	14500	B	1
X	14500	B	1
X	14500	B	1
X	14500	B	1
X	14500	B	1
X	14500	C	1
X	14500	A	1
X	14500	B	1
X	14500	B	1
X	14500	B	1
X	14600	B	1
X	14800	B	1
X	15000	B	1
X	15100	C	1
X	15400	C	1
X	15500	C	1
X	15500	B	1
X	16000	B	1
X	16000	B	1
X	16100	B	1
X	16100	C	1
X	16100	B	1
X	16100	B	1
X	16200	B	1
X	16200	B	1
X	16200	B	1
X	16200	B	1
X	16300	B	1
X	16300	A	1
X	16300	B	1
X	16300	B	1
X	16400	B	1
X	16400	B	1
X	16400	A	1
X	16400	B	1
X	16400	B	1
X	16400	B	1
X	16400	B	1
X	16400	B	1
X	16400	A	1
X	16400	B	1
X	16400	B	1
X	16400	B	1
X	16500	B	1
X	16600	B	1
X	16900	B	1
X	16900	C	1
X	18000	B	1
X	18000	B	1
X	18000	B	1
X	18000	B	1
X	18000	B	1
X	18100	B	1
X	18100	B	1
X	18100	B	1
X	18100	B	1
X	18100	B	1
X	18100	B	1
X	18100	B	1
X	18200	B	1
X	18200	C	1
X	18300	A	1
X	18300	B	1
X	18300	A	1
X	18400	B	1
X	18400	B	1
X	18400	B	1
X	18400	B	1
X	18400	A	1
X	18400	B	1
X	18400	B	1
X	18500	B	1
X	18500	B	1
X	18500	B	1
X	18500	B	1
X	18500	B	1
X	18500	B	1
X	18500	B	1
X	18500	B	1
X	18500	B	1
X	18500	B	1
X	18500	B	1
X	18500	B	1
X	18500	B	1
X	18500	B	1
X	18500	B	1
X	18500	B	1
X	18500	B	1
X	18600	A	1
X	18600	C	1
X	18800	A	1
X	19500	B	1
X	19600	B	1
X	20000	B	1
X	20000	B	1
X	20000	B	1
X	20100	B	1
X	20100	B	1
X	20100	B	1
X	20200	B	1
X	20200	B	1
X	20200	A	1
X	20200	B	1
X	20200	B	1
X	20200	B	1
X	20200	B	1
X	20200	B	1
X	20300	A	1
X	20300	C	1
X	20300	B	1
X	20300	A	1
X	20300	B	1
X	20300	B	1
X	20300	B	1
X	20300	B	1
X	20400	A	1
X	20400	B	1
X	20400	B	1
X	20400	B	1
X	20400	B	1
X	20400	A	1
X	20400	B	1
X	20400	B	1
X	20400	C	1
X	20400	C	1
X	20400	C	1
X	20400	C	1
X	20400	B	1
X	20400	B	1
X	20500	B	1
X	20500	B	1
X	20500	A	1
X	20500	B	1
X	20500	B	1
X	20600	B	1
X	20600	A	1
X	21000	B	1
X	21200	B	1
X	21900	B	1
X	22000	B	1
X	22000	B	1
X	22000	B	1
X	22100	A	1
X	22100	B	1
X	22200	B	1
X	22200	B	1
X	22200	B	1
X	22400	A	1
X	22400	B	1
X	22400	B	1
X	22400	B	1
X	22400	B	1
X	22400	A	1
X	22400	A	1
X	22400	B	1
X	22500	B	1
X	22500	B	1
X	22500	B	1
X	22500	B	1
X	22500	C	1
X	22500	A	1
X	22500	C	1
X	22500	B	1
X	22500	B	1
X	22500	A	1
X	22600	C	1
X	22600	A	1
X	22600	B	1
X	22600	C	1
X	23500	C	1
X	23500	B	1
X	23600	C	1
X	23800	B	1
X	24000	B	1
X	24100	B	1
X	24100	B	1
X	24100	A	1
X	24200	C	1
X	24200	B	1
X	24200	B	1
X	24200	C	1
X	24200	B	1
X	24300	A	1
X	24300	B	1
X	24300	B	1
X	24300	B	1
X	24300	A	1
X	24300	A	1
X	24400	A	1
X	24400	A	1
X	24400	A	1
X	24400	C	1
X	24400	A	1
X	24400	C	1
X	24500	A	1
X	24500	B	1
X	24500	B	1
X	24500	B	1
X	26000	B	1
X	26100	B	1
X	26200	A	1
X	26200	C	1
X	26200	B	1
X	26200	B	1
X	26300	B	1
X	26300	B	1
X	26300	B	1
X	26400	A	1
X	26400	A	1
X	26400	B	1
X	26400	B	1
X	26400	A	1
X	26400	C	1
X	26400	B	1
X	26400	B	1
X	26400	B	1
X	26400	A	1
X	26400	B	1
X	26400	A	1
X	26400	B	1
X	26400	A	1
X	26400	B	1
X	26400	A	1
X	26500	B	1
X	26500	B	1
X	28100	B	1
X	28100	B	1
X	28100	A	1
X	28200	B	1
X	28200	C	1
X	28300	B	1
X	28300	A	1
X	28300	A	1
X	28300	B	1
X	28300	A	1
X	28400	C	1
X	28400	C	1
X	28500	C	1
X	28600	C	1
X	28800	B	1
X	28900	C	1
X	28900	B	1
X	30000	B	1
X	30100	B	1
X	30100	A	1
X	30100	B	1
X	30100	B	1
X	30200	B	1
X	30300	C	1
X	30300	B	1
X	30400	C	1
X	30400	B	1
X	30500	C	1
X	30500	C	1
X	30500	B	1
X	30500	C	1
X	30500	C	1
X	31400	B	1
X	32000	B	1
X	32200	C	1
X	32200	A	1
X	32200	A	1
X	32200	C	1
X	32400	B	1
X	33400	B	1
X	33600	C	1
X	33900	C	1
X	34100	B	1
X	34100	A	1
X	34100	A	1
X	34200	B	1
X	34200	B	1
X	34200	B	1
X	34300	C	1
X	34300	A	1
X	34400	B	1
X	34400	A	1
X	36000	B	1
X	36100	B	1
X	36100	A	1
X	36100	B	1
X	36300	B	1
X	36400	A	1
X	36700	B	1
X	37000	B	1
X	37400	B	1
X	38200	B	1
X	38300	C	1
X	38400	C	1
X	38500	B	1
X	38500	B	1
X	38600	C	1
X	38600	C	1
X	38600	B	1
X	38600	C	1
X	38700	C	1
X	38700	B	1
X	39000	B	1
X	39800	B	1
X	40300	B	1
X	40300	A	1
X	40300	B	1
X	40400	A	1
X	40500	B	1
X	41200	C	1
X	42100	C	1
X	42100	C	1
X	42200	A	1
X	42200	A	1
X	42200	A	1
X	42200	B	1
X	42400	A	1
X	42500	B	1
X	44000	B	1
X	44100	B	1
X	44200	C	1
X	44200	B	1
X	44300	B	1
X	44300	B	1
X	44300	B	1
X	44400	B	1
X	44400	A	1
X	44500	C	1
X	44700	B	1
X	45100	B	1
X	45300	B	1
X	45900	A	1
X	46300	C	1
X	47900	A	1
X	48000	B	1
X	48400	C	1
X	49300	C	1
X	50400	A	1
X	50800	B	1
X	50900	B	1
X	51600	C	1
X	51900	A	1
X	52300	C	1
X	52300	B	1
X	52600	C	1
X	53400	C	1
X	54900	C	1
X	54900	A	1
X	56400	C	1
X	56400	C	1
X	57000	B	1
X	58200	B	1
X	58300	B	1
X	58500	B	1
X	58700	B	1
X	58800	B	1
X	59700	B	1
X	60100	A	1
X	60300	A	1
X	60600	B	1
X	61300	A	1
X	64200	A	1
X	66700	A	1
X	66900	B	1
X	67000	B	1
X	68400	B	1
X	71200	B	1
X	71700	B	1
X	72800	B	1
X	74300	B	1
X	74400	B	1
X	74500	B	1
X	75100	A	1
X	75200	B	1
X	75200	B	1
X	78300	C	1
X	80500	A	1
X	81900	A	1
X	82100	B	1
X	83300	A	1
X	83900	A	1
X	84300	B	1
X	84500	C	1
X	87400	C	1
X	90100	A	1
X	91400	B	1
X	94400	C	1
X	94700	C	1
X	98400	C	1
X	101400	B	1
X	101400	C	1
X	101400	C	1
X	103700	B	1
S	105000	250	24.548	0.098	20	1.119	0.056	0	0.000	0.000	0.600

