H	clla-fe-s20260912-il-20260921T153348Z
P	C	1	5001	1.00	5045	194.0	0.000	0.000	0.000	578.746	0.000	0.000	366.490	-117.340
P	A	2	7001	0.94	1618	62.2	0.000	280.554	0.000	0.000	0.000	0.000	1189.254	-293.429
P	C	3	9001	0.87	1225	47.1	0.000	0.000	0.000	275.272	0.000	0.000	1020.228	-413.225
P	A	4	11001	0.94	1414	54.4	0.000	299.411	0.000	0.000	0.000	0.000	1255.771	-433.727
P	C	5	13001	0.94	1056	40.6	0.000	0.000	21.423	265.607	0.000	0.000	1289.995	-546.144
P	A	6	15001	0.96	1524	58.6	13.890	286.514	0.000	0.000	0.000	0.000	1290.498	-531.422
P	C	7	17001	0.88	745	28.7	0.000	0.000	53.270	229.405	0.000	0.000	1026.231	-563.806
P	A	8	19001	0.94	1578	60.7	101.612	285.796	0.000	0.000	0.000	0.000	1211.481	-484.397
P	A	9	21001	0.92	1181	45.4	160.796	292.038	0.000	0.000	0.000	0.000	1195.139	-598.898
P	C	10	23001	0.88	854	32.8	0.000	0.000	76.381	203.131	0.000	0.000	994.068	-561.570
P	C	11	25001	0.90	1021	39.3	0.000	0.000	127.757	211.236	0.000	0.000	1121.098	-526.493
P	A	12	27001	0.85	1677	64.5	192.147	236.634	0.000	0.000	0.000	0.000	1051.960	-469.418
P	C	13	29001	0.83	972	37.4	0.000	0.000	151.785	192.690	0.000	0.000	812.586	-513.027
P	A	14	31001	0.92	1612	62.0	259.643	216.432	0.000	0.000	0.000	0.000	1121.955	-508.261
P	C	15	33001	0.75	1157	44.5	0.000	0.000	191.588	178.935	0.000	0.000	705.635	-434.222
P	A	16	35001	0.92	1920	73.8	318.596	203.061	0.000	0.000	0.000	0.000	1052.619	-468.354
P	C	17	37001	0.77	1208	46.5	0.000	0.000	239.740	165.014	0.000	0.000	650.245	-453.937
P	A	18	39001	0.87	2114	81.3	403.437	185.923	0.000	0.000	0.000	0.000	954.680	-409.084
P	C	19	41001	0.63	1010	38.8	0.000	0.000	272.906	165.661	0.000	0.000	501.178	-332.200
P	A	20	43001	0.83	1583	60.9	442.634	184.203	0.000	0.000	0.000	0.000	842.814	-350.721
P	C	21	45001	0.63	1403	54.0	0.000	0.000	299.972	165.363	0.000	0.000	520.091	-283.559
P	A	22	47001	0.87	1445	55.6	466.709	186.835	0.000	0.000	0.000	0.000	824.307	-324.345
P	A	23	49001	0.83	1340	51.5	489.736	190.011	0.000	0.000	0.000	0.000	800.582	-363.838
P	C	24	51001	0.69	1500	57.7	0.000	0.000	323.261	159.062	0.000	0.000	561.467	-240.397
P	A	25	53001	0.79	1879	72.3	500.449	186.829	0.000	0.000	0.000	0.000	751.028	-283.892
P	C	26	55001	0.69	1753	67.4	0.000	0.000	355.850	155.427	0.000	0.000	510.784	-261.619
P	A	27	57001	0.81	1388	53.4	516.380	173.267	0.000	0.000	0.000	0.000	719.397	-320.927
P	C	28	59001	0.65	1398	53.8	0.000	0.000	398.613	138.538	0.000	0.000	516.416	-289.033
P	A	29	61001	0.77	1509	58.0	530.504	159.964	0.000	0.000	0.000	0.000	683.717	-291.751
P	C	30	63001	0.62	1640	63.1	0.000	0.000	415.425	137.441	0.000	0.000	437.662	-246.611
P	A	31	65001	0.75	1498	57.6	539.889	149.790	0.000	0.000	0.000	0.000	648.630	-277.433
P	C	32	67001	0.60	1991	76.6	0.000	0.000	432.893	128.894	0.000	0.000	450.380	-244.391
P	C	33	69001	0.58	1282	49.3	0.000	0.000	461.181	117.350	0.000	0.000	517.530	-267.083
P	A	34	71001	0.75	2050	78.8	551.735	139.299	0.000	0.000	0.000	0.000	633.335	-244.100
P	A	35	73001	0.71	1388	53.4	565.739	138.069	0.000	0.000	0.000	0.000	573.224	-336.681
P	C	36	75001	0.60	1454	55.9	0.000	0.000	475.573	104.859	0.000	0.000	439.391	-237.677
P	A	37	77001	0.73	1468	56.5	575.602	126.271	0.000	0.000	0.000	0.000	599.117	-282.150
P	C	38	79001	0.60	1870	71.9	0.000	0.000	506.580	87.603	0.000	0.000	421.739	-238.305
P	A	39	81001	0.69	1300	50.0	582.537	122.800	0.000	0.000	0.000	0.000	568.434	-286.883
P	C	40	83001	0.54	1244	47.8	0.000	0.000	508.982	84.652	0.000	0.000	413.366	-178.830
G	5501	7001	52
G	7501	9001	144
G	9501	11001	71
G	11501	13001	205
G	13501	15001	244
G	15501	17001	299
G	17501	19001	352
G	19501	21001	342
G	21501	23001	405
G	23501	25001	411
G	25501	27001	529
G	27501	29001	470
G	29501	31001	511
G	31501	33001	433
G	33501	35001	514
G	35501	37001	571
G	37501	39001	539
G	39501	41001	487
G	41501	43001	634
G	43501	45001	564
G	45501	47001	572
G	47501	49001	615
G	49501	51001	568
G	51501	53001	583
G	53501	55001	600
G	55501	57001	741
G	57501	59001	627
G	59501	61001	645
G	61501	63001	618
G	63501	65001	703
G	65501	67001	632
G	67501	69001	674
G	69501	71001	657
G	71501	73001	621
G	73501	75001	624
G	75501	77001	682
G	77501	79001	655
G	79501	81001	765
G	81501	83001	699
E	7200	B	1
E	7300	B	1
E	9200	C	1
E	9300	C	1
E	9300	C	1
E	9400	C	1
E	9400	C	1
E	9400	C	1
E	9500	C	1
E	9500	C	1
E	9500	C	1
E	9500	C	1
E	9500	C	1
E	9500	C	1
E	9500	C	1
E	9500	C	1
E	9500	C	1
E	9500	C	1
E	9500	C	1
E	11300	A	1
E	11300	A	1
E	11300	A	1
E	11500	A	1
E	11500	A	1
E	11500	A	1
E	11500	A	1
E	11500	A	1
E	11500	A	1
E	11500	A	1
E	11500	A	1
E	11500	A	1
E	11500	A	1
E	13200	C	1
E	13200	C	1
E	13200	C	1
E	13200	C	1
E	13200	C	1
E	13200	C	1
E	13300	C	1
E	13300	C	1
E	13300	C	1
E	13300	C	1
E	13300	C	1
E	13400	C	1
E	13400	C	1
E	13400	C	1
E	13400	C	1
E	13400	C	1
E	13400	C	1
E	13500	C	1
E	13500	C	1
E	13500	C	1
E	13500	C	1
E	13500	C	1
E	15200	A	1
E	15200	A	1
E	15200	A	1
E	15200	A	1
E	15200	A	1
E	15300	A	1
E	15300	A	1
E	15300	A	1
E	15300	A	1
E	15300	A	1
E	15300	A	1
E	15300	A	1
E	15300	A	1
E	15300	A	1
E	15400	A	1
E	15400	A	1
E	15400	A	1
E	15400	A	1
E	15400	A	1
E	15400	A	1
E	15400	A	1
E	15400	A	1
E	15400	A	1
E	15400	A	1
E	15400	A	1
E	15400	A	1
E	15400	A	1
E	15500	A	1
E	17400	C	1
E	17500	C	1
E	19400	A	1
E	19400	A	1
E	19400	A	1
E	19400	A	1
E	19400	A	1
E	19400	A	1
E	19400	A	1
E	19400	A	1
E	19500	A	1
E	19500	A	1
E	19500	A	1
E	19500	A	1
E	21300	A	1
E	21300	A	1
E	21300	A	1
E	21300	A	1
E	21300	A	1
E	21300	A	1
E	21300	A	1
E	21300	A	1
E	21400	A	1
E	21500	A	1
E	21500	A	1
E	21500	A	1
E	21500	A	1
E	21500	A	1
E	21500	A	1
E	21500	A	1
E	21500	A	1
E	21500	A	1
E	23300	C	1
E	23300	C	1
E	23300	C	1
E	25200	C	1
E	25200	C	1
E	25300	C	1
E	25300	C	1
E	25300	C	1
E	25400	C	1
E	25400	C	1
E	25400	C	1
E	25400	C	1
E	25400	C	1
E	25400	C	1
E	25500	C	1
E	25500	C	1
E	27400	A	1
E	27400	A	1
E	27400	A	1
E	27500	A	1
E	29300	C	1
E	29300	C	1
E	29400	C	1
E	29400	C	1
E	29500	C	1
E	29500	C	1
E	29500	C	1
E	31300	A	1
E	31400	A	1
E	31500	A	1
E	33200	C	1
E	33200	C	1
E	33200	C	1
E	33400	C	1
E	33400	C	1
E	33500	C	1
E	33500	C	1
E	37400	C	1
E	37400	C	1
E	37500	C	1
E	41400	C	1
E	43300	A	1
E	43500	A	1
E	43500	A	1
E	43500	A	1
E	43500	A	1
E	45300	C	1
E	45400	C	1
E	45400	C	1
E	47300	A	1
E	47400	A	1
E	47400	A	1
E	47400	A	1
E	47500	A	1
E	47500	A	1
E	49300	A	1
E	51300	C	1
E	55400	C	1
E	55400	C	1
E	55400	C	1
E	55400	C	1
E	55500	C	1
E	55500	C	1
E	55500	C	1
E	55500	C	1
E	57500	A	1
E	59200	C	1
E	59300	C	1
E	59400	C	1
E	61400	A	1
E	61400	A	1
E	61500	A	1
E	65500	A	1
E	67500	C	1
E	69200	C	1
E	69200	C	1
E	69300	C	1
E	69300	C	1
E	69400	C	1
E	69400	C	1
E	69500	C	1
X	1600	B	1
X	1600	B	1
X	1800	B	1
X	2200	B	1
X	2300	B	1
X	2300	B	1
X	2400	B	1
X	2600	B	1
X	2700	B	1
X	2900	B	1
X	3100	B	1
X	3100	B	1
X	3100	B	1
X	3100	B	1
X	3300	B	1
X	3400	B	1
X	3600	B	1
X	3700	B	1
X	3700	B	1
X	3700	B	1
X	3700	B	1
X	3800	B	1
X	3800	B	1
X	4000	B	1
X	4200	B	1
X	4200	B	1
X	4200	B	1
X	4300	B	1
X	4300	B	1
X	4300	B	1
X	4400	B	1
X	4400	B	1
X	4800	B	1
X	4800	B	1
X	4800	B	1
X	4900	B	1
X	4900	B	1
X	5000	B	1
X	5000	B	1
X	5000	B	1
X	5000	B	1
X	5100	B	1
X	5300	B	1
X	5400	B	1
X	5500	B	1
X	5600	B	1
X	5900	B	1
X	6000	B	1
X	6000	B	1
X	6000	B	1
X	6000	B	1
X	6000	B	1
X	6000	B	1
X	6000	B	1
X	6000	B	1
X	6000	B	1
X	6000	B	1
X	6000	B	1
X	6000	B	1
X	6000	B	1
X	6000	B	1
X	6000	B	1
X	6000	B	1
X	6000	B	1
X	6000	B	1
X	6000	B	1
X	6000	B	1
X	6000	B	1
X	6000	B	1
X	6000	B	1
X	6000	B	1
X	6000	B	1
X	6000	B	1
X	6000	B	1
X	6000	B	1
X	6000	B	1
X	6000	B	1
X	6000	B	1
X	6000	B	1
X	6000	B	1
X	6000	B	1
X	6000	B	1
X	6000	B	1
X	6000	B	1
X	6000	B	1
X	6000	B	1
X	6000	B	1
X	6000	B	1
X	6000	B	1
X	6000	B	1
X	6000	B	1
X	6000	B	1
X	6000	B	1
X	6000	B	1
X	6100	B	1
X	6100	B	1
X	6100	B	1
X	6100	B	1
X	6100	B	1
X	6100	B	1
X	6200	B	1
X	6200	C	1
X	6200	B	1
X	6200	B	1
X	6200	B	1
X	6200	B	1
X	6200	B	1
X	6200	B	1
X	6200	B	1
X	6200	B	1
X	6200	B	1
X	6200	B	1
X	6200	B	1
X	6200	B	1
X	6200	B	1
X	6200	B	1
X	6200	B	1
X	6200	B	1
X	6200	B	1
X	6300	A	1
X	6300	B	1
X	6300	C	1
X	6300	B	1
X	6300	B	1
X	6300	B	1
X	6300	B	1
X	6300	B	1
X	6300	A	1
X	6300	A	1
X	6300	B	1
X	6300	B	1
X	6300	B	1
X	6300	A	1
X	6300	A	1
X	6300	B	1
X	6300	B	1
X	6300	B	1
X	6300	B	1
X	6300	B	1
X	6300	B	1
X	6300	B	1
X	6300	B	1
X	6300	B	1
X	6300	B	1
X	6300	B	1
X	6300	B	1
X	6300	B	1
X	6300	B	1
X	6300	B	1
X	6300	B	1
X	6300	B	1
X	6300	B	1
X	6300	B	1
X	6300	B	1
X	6300	B	1
X	6300	B	1
X	6300	A	1
X	6300	A	1
X	6300	B	1
X	6300	B	1
X	6300	B	1
X	6300	B	1
X	6300	B	1
X	6300	A	1
X	6300	A	1
X	6300	A	1
X	6300	B	1
X	6300	B	1
X	6300	B	1
X	6300	B	1
X	6300	B	1
X	6400	B	1
X	6400	A	1
X	6400	A	1
X	6400	A	1
X	6400	A	1
X	6400	B	1
X	6400	B	1
X	6400	B	1
X	6400	C	1
X	6400	C	1
X	6400	B	1
X	6400	B	1
X	6400	A	1
X	6400	A	1
X	6400	B	1
X	6400	B	1
X	6400	B	1
X	6400	B	1
X	6400	B	1
X	6400	B	1
X	6400	B	1
X	6400	B	1
X	6400	A	1
X	6400	A	1
X	6400	A	1
X	6400	B	1
X	6400	B	1
X	6400	C	1
X	6400	B	1
X	6400	B	1
X	6400	B	1
X	6400	B	1
X	6400	B	1
X	6400	B	1
X	6400	C	1
X	6400	B	1
X	6400	B	1
X	6400	B	1
X	6400	B	1
X	6400	B	1
X	6400	B	1
X	6400	B	1
X	6400	A	1
X	6400	B	1
X	6400	B	1
X	6400	A	1
X	6400	A	1
X	6400	B	1
X	6400	B	1
X	6400	B	1
X	6400	B	1
X	6400	B	1
X	6400	B	1
X	6400	C	1
X	6400	A	1
X	6400	A	1
X	6400	A	1
X	6400	B	1
X	6400	C	1
X	6400	B	1
X	6400	B	1
X	6400	B	1
X	6400	B	1
X	6400	B	1
X	6400	B	1
X	6400	B	1
X	6400	B	1
X	6400	B	1
X	6400	C	1
X	6400	B	1
X	6400	B	1
X	6400	B	1
X	6400	B	1
X	6400	B	1
X	6400	C	1
X	6400	C	1
X	6400	B	1
X	6400	B	1
X	6400	B	1
X	6400	B	1
X	6400	C	1
X	6400	B	1
X	6400	B	1
X	6400	B	1
X	6400	B	1
X	6400	B	1
X	6400	A	1
X	6400	A	1
X	6400	B	1
X	6400	A	1
X	6400	A	1
X	6400	B	1
X	6400	B	1
X	6400	B	1
X	6400	B	1
X	6400	C	1
X	6400	B	1
X	6400	B	1
X	6400	B	1
X	6400	C	1
X	6400	B	1
X	6400	B	1
X	6400	B	1
X	6400	B	1
X	6400	B	1
X	6400	A	1
X	6400	B	1
X	6400	A	1
X	6400	A	1
X	6400	B	1
X	6400	B	1
X	6400	B	1
X	6400	B	1
X	6500	A	1
X	6500	A	1
X	6500	A	1
X	6500	B	1
X	6500	B	1
X	6500	B	1
X	6500	B	1
X	6500	B	1
X	6500	C	1
X	6500	B	1
X	6500	B	1
X	6500	A	1
X	6500	A	1
X	6500	A	1
X	6500	B	1
X	6500	B	1
X	6500	B	1
X	6500	B	1
X	6500	B	1
X	6500	B	1
X	6500	A	1
X	6500	C	1
X	6500	C	1
X	6500	B	1
X	6500	B	1
X	6500	B	1
X	6500	B	1
X	6500	A	1
X	6500	A	1
X	6500	B	1
X	6500	B	1
X	6500	B	1
X	6500	B	1
X	6500	A	1
X	6500	A	1
X	6500	B	1
X	6500	B	1
X	6500	B	1
X	6500	B	1
X	6500	B	1
X	6500	B	1
X	6500	C	1
X	6500	A	1
X	6500	A	1
X	6500	B	1
X	6500	C	1
X	6500	B	1
X	6500	A	1
X	6500	B	1
X	6500	B	1
X	6500	B	1
X	6500	A	1
X	6500	A	1
X	6500	A	1
X	6500	B	1
X	6500	B	1
X	6500	B	1
X	6500	B	1
X	6500	A	1
X	6500	A	1
X	6500	B	1
X	6500	A	1
X	6500	C	1
X	6500	B	1
X	6500	A	1
X	6500	A	1
X	6500	A	1
X	6500	A	1
X	6500	B	1
X	6500	B	1
X	6500	B	1
X	6500	A	1
X	6500	C	1
X	6500	C	1
X	6500	B	1
X	6500	B	1
X	6500	B	1
X	6500	A	1
X	6500	A	1
X	6500	A	1
X	6500	A	1
X	6500	A	1
X	6500	A	1
X	6500	B	1
X	6500	B	1
X	6500	A	1
X	6500	A	1
X	6500	A	1
X	6500	A	1
X	6500	A	1
X	6500	B	1
X	6500	B	1
X	6500	B	1
X	6500	B	1
X	6500	B	1
X	6500	A	1
X	6500	C	1
X	6500	C	1
X	6500	B	1
X	6500	B	1
X	6500	B	1
X	6500	B	1
X	6600	A	1
X	6600	B	1
X	6600	B	1
X	6600	C	1
X	6600	C	1
X	6600	B	1
X	6700	C	1
X	6800	B	1
X	6900	A	1
X	7000	B	1
X	7000	B	1
X	7000	B	1
X	7200	B	1
X	7200	C	1
X	7200	C	1
X	7200	B	1
X	7400	B	1
X	7500	B	1
X	7700	C	1
X	7900	B	1
X	8000	B	1
X	8000	B	1
X	8000	B	1
X	8000	B	1
X	8000	B	1
X	8100	C	1
X	8100	B	1
X	8100	C	1
X	8100	C	1
X	8100	C	1
X	8100	B	1
X	8100	B	1
X	8100	A	1
X	8100	B	1
X	8100	B	1
X	8100	B	1
X	8100	C	1
X	8100	C	1
X	8100	B	1
X	8100	B	1
X	8100	B	1
X	8100	B	1
X	8100	C	1
X	8100	C	1
X	8100	B	1
X	8100	B	1
X	8100	C	1
X	8100	B	1
X	8100	C	1
X	8100	B	1
X	8100	A	1
X	8100	B	1
X	8100	B	1
X	8200	C	1
X	8200	B	1
X	8200	C	1
X	8200	A	1
X	8200	C	1
X	8200	C	1
X	8200	B	1
X	8200	B	1
X	8200	C	1
X	8200	C	1
X	8200	C	1
X	8200	B	1
X	8200	B	1
X	8200	C	1
X	8200	C	1
X	8200	C	1
X	8200	C	1
X	8200	C	1
X	8200	B	1
X	8200	B	1
X	8200	C	1
X	8200	B	1
X	8300	C	1
X	8300	C	1
X	8300	C	1
X	8300	C	1
X	8300	A	1
X	8300	B	1
X	8300	A	1
X	8300	C	1
X	8300	B	1
X	8300	C	1
X	8300	C	1
X	8300	C	1
X	8300	B	1
X	8300	C	1
X	8300	C	1
X	8300	B	1
X	8300	C	1
X	8400	C	1
X	8400	C	1
X	8400	A	1
X	8400	C	1
X	8400	B	1
X	8400	A	1
X	8400	C	1
X	8400	A	1
X	8400	A	1
X	8500	B	1
X	8500	B	1
X	8500	B	1
X	8500	C	1
X	8600	C	1
X	8600	C	1
X	8600	B	1
X	8600	A	1
X	8700	B	1
X	8800	C	1
X	9000	B	1
X	9000	B	1
X	9100	C	1
X	9500	B	1
X	9800	B	1
X	10000	B	1
X	10000	B	1
X	10000	B	1
X	10100	A	1
X	10100	C	1
X	10100	A	1
X	10100	B	1
X	10100	C	1
X	10100	C	1
X	10100	C	1
X	10200	C	1
X	10200	C	1
X	10200	A	1
X	10200	A	1
X	10200	A	1
X	10200	A	1
X	10200	C	1
X	10200	B	1
X	10200	A	1
X	10200	B	1
X	10300	B	1
X	10300	B	1
X	10400	B	1
X	10400	B	1
X	10500	B	1
X	10500	B	1
X	10500	B	1
X	11000	B	1
X	11100	B	1
X	11300	B	1
X	11300	B	1
X	11400	C	1
X	12100	B	1
X	12200	B	1
X	12200	B	1
X	12200	C	1
X	12200	A	1
X	12200	B	1
X	12300	B	1
X	12300	B	1
X	12400	A	1
X	12400	A	1
X	12400	B	1
X	12400	A	1
X	12400	A	1
X	12400	A	1
X	12400	A	1
X	12400	A	1
X	12400	A	1
X	12400	A	1
X	12400	A	1
X	12500	B	1
X	12500	B	1
X	12500	B	1
X	12500	C	1
X	12500	B	1
X	12500	B	1
X	12600	B	1
X	12600	B	1
X	12700	B	1
X	12700	B	1
X	12800	C	1
X	13000	B	1
X	13100	B	1
X	13500	A	1
X	13800	C	1
X	13800	B	1
X	14100	B	1
X	14100	B	1
X	14100	C	1
X	14100	C	1
X	14100	C	1
X	14200	A	1
X	14300	B	1
X	14300	C	1
X	14300	C	1
X	14300	B	1
X	14300	B	1
X	14300	C	1
X	14300	C	1
X	14300	B	1
X	14300	C	1
X	14300	C	1
X	14300	C	1
X	14300	C	1
X	14300	C	1
X	14300	C	1
X	14300	C	1
X	14300	C	1
X	14300	C	1
X	14300	C	1
X	14300	B	1
X	14300	A	1
X	14400	C	1
X	14400	C	1
X	14400	A	1
X	14400	A	1
X	14400	B	1
X	14400	C	1
X	14400	B	1
X	14400	B	1
X	14500	B	1
X	14500	B	1
X	14700	B	1
X	14900	A	1
X	16000	B	1
X	16100	C	1
X	16100	B	1
X	16200	A	1
X	16300	B	1
X	16300	B	1
X	16300	B	1
X	16300	B	1
X	16300	B	1
X	16300	B	1
X	16400	B	1
X	16400	C	1
X	16400	B	1
X	16400	B	1
X	16400	B	1
X	16400	B	1
X	16500	B	1
X	16700	A	1
X	16800	C	1
X	17100	B	1
X	17100	C	1
X	17100	B	1
X	17200	B	1
X	17400	C	1
X	17600	B	1
X	17800	B	1
X	18000	B	1
X	18200	B	1
X	18200	B	1
X	18200	B	1
X	18200	B	1
X	18300	B	1
X	18400	B	1
X	18400	B	1
X	18400	C	1
X	18700	C	1
X	19000	B	1
X	19100	B	1
X	19100	B	1
X	20100	B	1
X	20100	B	1
X	20200	C	1
X	20300	B	1
X	20300	B	1
X	20300	B	1
X	20400	B	1
X	20400	B	1
X	20400	C	1
X	20400	A	1
X	20500	B	1
X	20800	A	1
X	20900	C	1
X	21200	B	1
X	21700	C	1
X	21800	C	1
X	21900	B	1
X	22200	B	1
X	22200	C	1
X	22200	B	1
X	22200	B	1
X	22300	A	1
X	22300	A	1
X	22400	C	1
X	22400	A	1
X	22400	A	1
X	22400	B	1
X	22400	A	1
X	23200	B	1
X	23200	B	1
X	23300	A	1
X	23300	A	1
X	23700	B	1
X	23900	A	1
X	24100	C	1
X	24200	C	1
X	24200	C	1
X	24200	B	1
X	24200	C	1
X	24200	B	1
X	24200	B	1
X	24200	B	1
X	24300	A	1
X	24300	B	1
X	24400	A	1
X	24400	C	1
X	24400	C	1
X	25100	B	1
X	25300	A	1
X	25400	C	1
X	25400	B	1
X	25500	B	1
X	26100	A	1
X	26100	B	1
X	26100	B	1
X	26500	A	1
X	26500	A	1
X	28100	A	1
X	28200	C	1
X	28200	A	1
X	28200	A	1
X	28200	A	1
X	28300	B	1
X	28300	B	1
X	28400	A	1
X	28400	B	1
X	28400	A	1
X	28400	A	1
X	29300	B	1
X	29800	C	1
X	30100	C	1
X	30200	C	1
X	30300	A	1
X	30400	B	1
X	30500	B	1
X	30700	C	1
X	31100	A	1
X	31900	B	1
X	32000	B	1
X	32100	B	1
X	32100	A	1
X	32100	B	1
X	32100	A	1
X	32100	A	1
X	32200	B	1
X	32200	A	1
X	32200	A	1
X	32200	A	1
X	32300	B	1
X	32300	B	1
X	32300	B	1
X	32300	B	1
X	32300	A	1
X	32300	B	1
X	32300	A	1
X	32300	B	1
X	32400	B	1
X	32400	B	1
X	32400	B	1
X	32400	A	1
X	32400	C	1
X	32400	B	1
X	32400	B	1
X	32500	B	1
X	32500	C	1
X	32800	B	1
X	33500	A	1
X	34000	B	1
X	34100	C	1
X	34100	C	1
X	34100	C	1
X	34200	B	1
X	34200	B	1
X	34300	A	1
X	34300	B	1
X	34400	C	1
X	34400	C	1
X	34400	C	1
X	34800	A	1
X	35000	B	1
X	36000	B	1
X	36000	B	1
X	36000	B	1
X	36100	B	1
X	36100	C	1
X	36100	B	1
X	36200	B	1
X	36200	B	1
X	36200	C	1
X	36200	B	1
X	36300	C	1
X	36300	B	1
X	36300	B	1
X	36300	B	1
X	36300	B	1
X	36300	B	1
X	36300	A	1
X	36300	C	1
X	36400	B	1
X	36400	A	1
X	36400	B	1
X	36400	A	1
X	36500	B	1
X	36500	B	1
X	36500	C	1
X	36500	B	1
X	36700	C	1
X	36900	C	1
X	37600	B	1
X	37700	C	1
X	37700	B	1
X	37900	B	1
X	38000	B	1
X	38000	B	1
X	38000	B	1
X	38100	A	1
X	38100	B	1
X	38200	B	1
X	38200	B	1
X	38300	C	1
X	38300	B	1
X	38400	C	1
X	38400	A	1
X	38500	A	1
X	38700	B	1
X	39600	C	1
X	40100	A	1
X	40200	C	1
X	40300	B	1
X	40300	A	1
X	40400	B	1
X	40400	B	1
X	40400	C	1
X	40400	B	1
X	40500	A	1
X	40500	A	1
X	40500	B	1
X	40700	B	1
X	40800	B	1
X	41000	B	1
X	41100	C	1
X	41500	B	1
X	41600	B	1
X	41700	B	1
X	41800	B	1
X	41900	A	1
X	42000	B	1
X	42200	C	1
X	42300	B	1
X	42300	B	1
X	42400	B	1
X	42500	B	1
X	43100	B	1
X	43200	B	1
X	43200	A	1
X	43700	B	1
X	43700	A	1
X	44100	A	1
X	44100	B	1
X	44100	B	1
X	44100	A	1
X	44100	A	1
X	44200	B	1
X	44200	A	1
X	44300	B	1
X	44400	B	1
X	44400	B	1
X	44400	B	1
X	44400	B	1
X	44400	B	1
X	44400	A	1
X	44500	B	1
X	44500	B	1
X	44500	B	1
X	44500	B	1
X	44900	B	1
X	45300	B	1
X	45500	C	1
X	46200	B	1
X	46200	B	1
X	46300	B	1
X	46300	B	1
X	46400	B	1
X	46600	B	1
X	46600	B	1
X	46700	B	1
X	46900	B	1
X	48100	B	1
X	48300	B	1
X	48300	B	1
X	48400	A	1
X	48400	B	1
X	48500	A	1
X	48500	B	1
X	48700	A	1
X	49100	B	1
X	49400	C	1
X	49600	C	1
X	49800	B	1
X	49900	A	1
X	50100	B	1
X	50100	B	1
X	50200	B	1
X	50300	B	1
X	50300	B	1
X	50400	B	1
X	50400	B	1
X	50400	C	1
X	50400	A	1
X	50400	B	1
X	50500	B	1
X	50500	B	1
X	51200	B	1
X	51500	B	1
X	52000	B	1
X	52000	B	1
X	52100	B	1
X	52100	B	1
X	52200	C	1
X	52200	C	1
X	52200	C	1
X	52200	B	1
X	52200	B	1
X	52300	B	1
X	52300	B	1
X	52400	B	1
X	52600	B	1
X	53100	A	1
X	53100	B	1
X	54100	A	1
X	54200	A	1
X	54200	B	1
X	54300	B	1
X	54300	C	1
X	54300	C	1
X	54300	C	1
X	54500	B	1
X	54900	B	1
X	55400	B	1
X	55600	B	1
X	56200	B	1
X	56300	B	1
X	56400	A	1
X	56400	C	1
X	56400	C	1
X	56500	B	1
X	56500	B	1
X	56500	B	1
X	56700	A	1
X	57900	B	1
X	58100	B	1
X	58100	B	1
X	58100	B	1
X	58300	B	1
X	58300	A	1
X	58300	B	1
X	58700	B	1
X	58900	B	1
X	60100	C	1
X	60100	C	1
X	60400	C	1
X	60400	C	1
X	60400	B	1
X	60600	B	1
X	61700	B	1
X	62200	B	1
X	62300	A	1
X	62400	B	1
X	62600	B	1
X	64100	A	1
X	64100	B	1
X	64300	B	1
X	64400	C	1
X	64600	B	1
X	66200	B	1
X	66300	A	1
X	66300	B	1
X	66500	A	1
X	66900	A	1
X	66900	A	1
X	67900	B	1
X	68100	A	1
X	68100	A	1
X	68400	C	1
X	68400	C	1
X	69400	A	1
X	69400	B	1
X	70200	B	1
X	70300	A	1
X	70400	B	1
X	70600	B	1
X	70600	B	1
X	70800	A	1
X	71100	B	1
X	71600	C	1
X	72100	B	1
X	73000	B	1
X	74000	B	1
X	74100	B	1
X	74300	B	1
X	74700	B	1
X	75000	B	1
X	75100	B	1
X	75800	B	1
X	76100	B	1
X	76100	A	1
X	76100	B	1
X	76300	A	1
X	76300	B	1
X	76300	C	1
X	76400	B	1
X	76400	B	1
X	78800	C	1
X	78900	A	1
X	79500	A	1
X	80400	B	1
X	82400	B	1
X	82500	C	1
X	84400	C	1
X	84400	C	1
X	84500	A	1
X	86800	B	1
X	86900	A	1
X	90900	B	1
X	91100	A	1
X	91200	B	1
X	91500	B	1
X	99800	B	1
S	105000	95	11.238	0.118	98	9.947	0.102	0	0.000	0.000	0.600

