H	clla-rg8-s424242-bac-20260921T171044Z
P	A	1	5001	1.00	11549	444.2	0.000	593.928	0.000	0.000	0.000	0.000	367.517	-115.462
P	A	2	7001	1.00	6302	242.4	5.200	345.523	0.000	0.000	0.000	0.000	1734.200	-692.431
P	A	3	9001	1.00	3605	138.7	470.981	402.090	0.000	0.000	0.000	0.000	1233.752	-1071.563
P	A	4	11001	1.00	2487	95.7	839.077	326.981	0.000	0.000	0.000	0.000	955.771	-1201.420
P	A	5	13001	1.00	1750	67.3	1206.169	251.252	0.000	0.000	0.000	0.000	679.907	-1182.395
P	A	6	15001	1.00	1633	62.8	1352.854	214.048	0.000	0.000	0.000	0.000	579.596	-1138.262
P	A	7	17001	1.00	1648	63.4	1416.057	221.696	0.000	0.000	0.000	0.000	514.767	-1092.080
P	A	8	19001	1.00	1778	68.4	1450.502	215.031	0.000	0.000	0.000	0.000	493.462	-1080.154
P	A	9	21001	1.00	1347	51.8	1470.602	226.840	0.000	0.000	0.000	0.000	465.751	-1073.197
P	A	10	23001	1.00	1318	50.7	1502.213	218.662	0.000	0.000	0.000	0.000	442.320	-1019.980
P	A	11	25001	1.00	1300	50.0	1493.271	218.149	0.000	0.000	0.000	0.000	451.774	-1009.695
P	A	12	27001	1.00	1463	56.3	1487.251	215.756	0.000	0.000	0.000	0.000	460.188	-986.845
P	A	13	29001	1.00	1497	57.6	1508.500	211.035	0.000	0.000	0.000	0.000	443.660	-1010.433
P	A	14	31001	1.00	1840	70.8	1492.502	207.168	0.000	0.000	0.000	0.000	463.525	-1007.405
P	A	15	33001	1.00	1896	72.9	1480.026	210.899	0.000	0.000	0.000	0.000	461.347	-986.545
P	A	16	35001	1.00	1626	62.5	1476.716	209.655	0.000	0.000	0.000	0.000	466.370	-907.592
P	A	17	37001	1.00	1487	57.2	1509.616	196.472	0.000	0.000	0.000	0.000	446.207	-959.845
P	A	18	39001	1.00	1638	63.0	1519.865	191.871	0.000	0.000	0.000	0.000	440.558	-944.242
P	A	19	41001	1.00	1653	63.6	1511.770	212.867	0.000	0.000	0.000	0.000	428.160	-931.261
P	A	20	43001	1.00	1955	75.2	1501.811	211.872	0.000	0.000	0.000	0.000	438.787	-921.572
P	C	21	45001	0.00	0	0.0	0.000	0.000	0.000	0.000	0.000	0.000	0.000	0.000
P	C	22	47001	0.00	0	0.0	0.000	0.000	0.000	0.000	0.000	0.000	0.000	0.000
P	C	23	49001	0.00	0	0.0	0.000	0.000	0.000	0.000	0.000	0.000	0.000	0.000
P	C	24	51001	0.00	0	0.0	0.000	0.000	0.000	0.000	0.000	0.000	0.000	0.000
P	C	25	53001	0.00	0	0.0	0.000	0.000	0.000	0.000	0.000	0.000	0.000	0.000
P	C	26	55001	0.00	0	0.0	0.000	0.000	0.000	0.000	0.000	0.000	0.000	0.000
P	C	27	57001	0.00	0	0.0	0.000	0.000	0.000	0.000	0.000	0.000	0.000	0.000
P	C	28	59001	0.00	0	0.0	0.000	0.000	0.000	0.000	0.000	0.000	0.000	0.000
P	C	29	61001	0.00	0	0.0	0.000	0.000	0.000	0.000	0.000	0.000	0.000	0.000
P	C	30	63001	0.00	0	0.0	0.000	0.000	0.000	0.000	0.000	0.000	0.000	0.000
P	C	31	65001	0.00	0	0.0	0.000	0.000	0.000	0.000	0.000	0.000	0.000	0.000
P	C	32	67001	0.00	0	0.0	0.000	0.000	0.000	0.000	0.000	0.000	0.000	0.000
P	C	33	69001	0.00	0	0.0	0.000	0.000	0.000	0.000	0.000	0.000	0.000	0.000
P	C	34	71001	0.00	0	0.0	0.000	0.000	0.000	0.000	0.000	0.000	0.000	0.000
P	C	35	73001	0.00	0	0.0	0.000	0.000	0.000	0.000	0.000	0.000	0.000	0.000
P	C	36	75001	0.00	0	0.0	0.000	0.000	0.000	0.000	0.000	0.000	0.000	0.000
P	C	37	77001	0.00	0	0.0	0.000	0.000	0.000	0.000	0.000	0.000	0.000	0.000
P	C	38	79001	0.00	0	0.0	0.000	0.000	0.000	0.000	0.000	0.000	0.000	0.000
P	C	39	81001	0.00	0	0.0	0.000	0.000	0.000	0.000	0.000	0.000	0.000	0.000
P	C	40	83001	0.00	0	0.0	0.000	0.000	0.000	0.000	0.000	0.000	0.000	0.000
G	5501	7001	2116
G	7501	9001	681
G	9501	11001	890
G	11501	13001	829
G	13501	15001	455
G	15501	17001	155
G	17501	19001	122
G	19501	21001	89
G	21501	23001	19
G	23501	25001	23
G	25501	27001	26
G	27501	29001	41
G	29501	31001	19
G	31501	33001	17
G	33501	35001	54
G	35501	37001	32
G	37501	39001	31
G	39501	41001	40
G	41501	43001	43
G	43501	45001	33
G	45501	47001	0
G	47501	49001	0
G	49501	51001	0
G	51501	53001	0
G	53501	55001	0
G	55501	57001	0
G	57501	59001	0
G	59501	61001	0
G	61501	63001	0
G	63501	65001	0
G	65501	67001	0
G	67501	69001	0
G	69501	71001	0
G	71501	73001	0
G	73501	75001	0
G	75501	77001	0
G	77501	79001	0
G	79501	81001	0
G	81501	83001	0
E	5500	A	1
E	5500	B	1
E	5500	A	1
E	5500	A	1
E	5500	A	1
E	5500	A	1
E	5500	B	1
E	7100	A	1
E	7100	A	1
E	7100	A	1
E	7100	A	1
E	7100	A	1
E	7100	A	1
E	7100	A	1
E	7100	A	1
E	7100	A	1
E	7100	A	1
E	7200	A	1
E	7200	A	1
E	7200	A	1
E	7200	A	1
E	7200	A	1
E	7200	A	1
E	7200	A	1
E	7200	A	1
E	7200	A	1
E	7200	A	1
E	7200	A	1
E	7200	A	1
E	7200	A	1
E	7200	A	1
E	7200	A	1
E	7200	A	1
E	7200	A	1
E	7200	A	1
E	7200	A	1
E	7200	A	1
E	7200	A	1
E	7200	A	1
E	7200	A	1
E	7200	A	1
E	7200	A	1
E	7200	A	1
E	7200	A	1
E	7200	A	1
E	7200	A	1
E	7200	A	1
E	7200	A	1
E	7200	A	1
E	7200	A	1
E	7200	A	1
E	7200	A	1
E	7200	A	1
E	7200	A	1
E	7200	A	1
E	7200	A	1
E	7200	A	1
E	7200	A	1
E	7200	A	1
E	7200	A	1
E	7200	A	1
E	7200	A	1
E	7200	A	1
E	7200	A	1
E	7200	A	1
E	7200	A	1
E	7200	A	1
E	7200	A	1
E	7200	A	1
E	7200	A	1
E	7200	A	1
E	7200	A	1
E	7300	A	1
E	7300	A	1
E	7300	A	1
E	7300	A	1
E	7300	A	1
E	7300	A	1
E	7300	A	1
E	7300	A	1
E	7300	A	1
E	7300	A	1
E	7300	A	1
E	7300	A	1
E	7300	A	1
E	7300	A	1
E	7300	A	1
E	7300	A	1
E	7300	A	1
E	7300	A	1
E	7300	A	1
E	7300	A	1
E	7300	A	1
E	7300	A	1
E	7300	A	1
E	7300	A	1
E	7300	A	1
E	7300	A	1
E	7300	A	1
E	7300	A	1
E	7300	A	1
E	7300	A	1
E	7300	A	1
E	7300	A	1
E	7300	A	1
E	7300	A	1
E	7300	A	1
E	7300	A	1
E	7300	A	1
E	7300	A	1
E	7400	A	1
E	7400	A	1
E	7400	A	1
E	7400	A	1
E	7400	A	1
E	7400	A	1
E	7400	A	1
E	7400	A	1
E	7400	A	1
E	7400	A	1
E	7400	A	1
E	7400	A	1
E	7400	A	1
E	7400	A	1
E	7400	A	1
E	7400	A	1
E	7400	A	1
E	7400	A	1
E	7400	A	1
E	7400	A	1
E	7400	A	1
E	7400	A	1
E	7400	A	1
E	7400	A	1
E	7400	A	1
E	7400	A	1
E	7400	A	1
E	7400	A	1
E	7400	A	1
E	7400	A	1
E	7400	A	1
E	7400	A	1
E	7400	A	1
E	7400	A	1
E	7400	A	1
E	7400	A	1
E	7400	A	1
E	7400	A	1
E	7400	A	1
E	7400	A	1
E	7400	A	1
E	7400	A	1
E	7400	A	1
E	7400	A	1
E	7400	A	1
E	7400	A	1
E	7400	A	1
E	7400	A	1
E	7400	A	1
E	7400	A	1
E	7400	A	1
E	7400	A	1
E	7400	A	1
E	7400	A	1
E	7400	A	1
E	7500	A	1
E	7500	A	1
E	7500	A	1
E	7500	A	1
E	7500	A	1
E	7500	A	1
E	7500	A	1
E	7500	A	1
E	7500	A	1
E	7500	A	1
E	7500	A	1
E	7500	A	1
E	7500	A	1
E	7500	A	1
E	7500	A	1
E	7500	A	1
E	7500	A	1
E	7500	A	1
E	7500	A	1
E	7500	A	1
E	7500	A	1
E	7500	A	1
E	7500	A	1
E	7500	A	1
E	7500	A	1
E	7500	A	1
E	7500	A	1
E	9200	A	1
E	9200	A	1
E	9200	A	1
E	9200	A	1
E	9200	A	1
E	9200	A	1
E	9300	A	1
E	9300	A	1
E	9300	A	1
E	9300	A	1
E	9300	A	1
E	9300	A	1
E	9400	A	1
E	9400	A	1
E	9400	A	1
E	9400	A	1
E	9400	A	1
E	9400	A	1
E	9400	A	1
E	9400	A	1
E	9400	A	1
E	9400	A	1
E	9400	A	1
E	9400	A	1
E	9500	A	1
E	9500	A	1
E	9500	A	1
E	9500	A	1
E	9500	A	1
E	9500	A	1
E	9500	A	1
E	9500	A	1
E	9500	A	1
E	9500	A	1
E	9500	A	1
E	11200	A	1
E	11200	A	1
E	11200	A	1
E	11200	A	1
E	11300	A	1
E	11300	A	1
E	11300	A	1
E	11300	A	1
E	11300	A	1
E	11300	A	1
E	11300	A	1
E	11400	A	1
E	11400	A	1
E	11400	A	1
E	11400	A	1
E	11500	A	1
E	11500	A	1
E	11500	A	1
E	11500	A	1
E	11500	A	1
E	11500	A	1
E	13100	A	1
E	13200	A	1
E	13200	A	1
E	13300	A	1
E	13300	A	1
E	13300	A	1
E	13300	A	1
E	13300	A	1
E	13300	A	1
E	13400	A	1
E	13400	A	1
E	13500	A	1
E	13500	A	1
E	13500	A	1
E	15200	A	1
E	15300	A	1
E	15300	A	1
E	15400	A	1
E	15400	A	1
E	15400	A	1
E	15400	A	1
E	15500	A	1
E	15500	A	1
E	15500	A	1
E	17300	A	1
E	17300	A	1
E	17400	A	1
E	17400	A	1
E	17400	A	1
E	17500	A	1
E	17500	A	1
E	17500	A	1
E	17500	A	1
E	17500	A	1
E	17500	A	1
E	17500	A	1
E	19300	A	1
E	19400	A	1
E	19400	A	1
E	19400	A	1
E	19500	A	1
E	19500	A	1
E	19500	A	1
E	21500	A	1
E	21500	A	1
E	21500	A	1
E	21500	A	1
E	21500	A	1
E	21500	A	1
E	21500	A	1
E	21500	A	1
E	23200	A	1
E	23200	A	1
E	23300	A	1
E	23300	A	1
E	23500	A	1
E	23500	A	1
E	23500	A	1
E	23500	A	1
E	25400	A	1
E	25500	A	1
E	25500	A	1
E	25500	A	1
E	25500	A	1
E	25500	A	1
E	27400	A	1
E	27400	A	1
E	27400	A	1
E	27500	A	1
E	27500	A	1
E	27500	A	1
E	27500	A	1
E	29300	A	1
E	29300	A	1
E	29400	A	1
E	29500	A	1
E	29500	A	1
E	29500	A	1
E	29500	A	1
E	29500	A	1
E	29500	A	1
E	29500	A	1
E	29500	A	1
E	31400	A	1
E	31400	A	1
E	31500	A	1
E	31500	A	1
E	31500	A	1
E	33200	A	1
E	33500	A	1
E	33500	A	1
E	33500	A	1
E	33500	A	1
E	35200	A	1
E	35200	A	1
E	35300	A	1
E	35400	A	1
E	35400	A	1
E	35500	A	1
E	37300	A	1
E	37400	A	1
E	37400	A	1
E	37500	A	1
E	37500	A	1
E	37500	A	1
E	37500	A	1
E	39500	A	1
E	39500	A	1
E	39500	A	1
E	41200	A	1
E	43200	A	1
E	43500	A	1
E	43500	A	1
X	1300	B	1
X	1900	B	1
X	1900	B	1
X	1900	B	1
X	2000	B	1
X	2200	B	1
X	2200	B	1
X	2200	B	1
X	2200	B	1
X	2400	B	1
X	2500	B	1
X	2700	B	1
X	2900	B	1
X	3000	B	1
X	3000	B	1
X	3000	B	1
X	3100	B	1
X	3100	B	1
X	3200	B	1
X	3400	B	1
X	3700	B	1
X	3700	B	1
X	3700	B	1
X	3700	B	1
X	3700	B	1
X	3800	B	1
X	3800	B	1
X	3800	B	1
X	3900	B	1
X	4000	B	1
X	4000	B	1
X	4100	B	1
X	4100	B	1
X	4100	B	1
X	4200	B	1
X	4200	B	1
X	4300	B	1
X	4300	B	1
X	4300	B	1
X	4400	B	1
X	4400	B	1
X	4400	B	1
X	4400	B	1
X	4500	B	1
X	4600	B	1
X	4600	B	1
X	4600	B	1
X	4700	B	1
X	4700	B	1
X	4700	B	1
X	4900	B	1
X	4900	B	1
X	4900	B	1
X	4900	B	1
X	4900	B	1
X	5000	B	1
X	5100	B	1
X	5300	B	1
X	5300	B	1
X	5800	B	1
X	6000	B	1
X	6000	B	1
X	6000	B	1
X	6000	B	1
X	6000	B	1
X	6000	B	1
X	6000	B	1
X	6000	B	1
X	6000	B	1
X	6000	B	1
X	6000	B	1
X	6000	B	1
X	6000	B	1
X	6000	B	1
X	6000	B	1
X	6000	B	1
X	6000	B	1
X	6000	B	1
X	6100	B	1
X	6100	B	1
X	6100	B	1
X	6100	B	1
X	6100	B	1
X	6100	B	1
X	6100	B	1
X	6100	B	1
X	6200	B	1
X	6200	B	1
X	6200	B	1
X	6200	B	1
X	6200	B	1
X	6200	B	1
X	6200	B	1
X	6200	B	1
X	6200	B	1
X	6200	B	1
X	6300	B	1
X	6300	B	1
X	6300	B	1
X	6300	B	1
X	6300	B	1
X	6300	B	1
X	6300	B	1
X	6300	B	1
X	6300	B	1
X	6300	B	1
X	6300	B	1
X	6300	B	1
X	6400	C	1
X	6400	B	1
X	6400	B	1
X	6400	B	1
X	6400	B	1
X	6400	B	1
X	6400	C	1
X	6400	B	1
X	6400	B	1
X	6400	C	1
X	6400	C	1
X	6400	B	1
X	6400	A	1
X	6400	C	1
X	6400	C	1
X	6400	B	1
X	6400	B	1
X	6400	B	1
X	6400	B	1
X	6400	B	1
X	6400	B	1
X	6400	A	1
X	6400	B	1
X	6400	B	1
X	6400	B	1
X	6400	B	1
X	6400	B	1
X	6400	B	1
X	6400	B	1
X	6400	B	1
X	6400	B	1
X	6400	B	1
X	6400	B	1
X	6400	B	1
X	6400	B	1
X	6400	B	1
X	6400	B	1
X	6400	B	1
X	6400	B	1
X	6400	B	1
X	6400	B	1
X	6400	B	1
X	6400	B	1
X	6400	C	1
X	6400	C	1
X	6400	C	1
X	6400	B	1
X	6400	B	1
X	6400	B	1
X	6400	B	1
X	6400	C	1
X	6400	C	1
X	6400	C	1
X	6400	C	1
X	6400	C	1
X	6400	B	1
X	6400	B	1
X	6400	B	1
X	6400	B	1
X	6500	C	1
X	6500	C	1
X	6500	C	1
X	6500	C	1
X	6500	B	1
X	6500	B	1
X	6500	B	1
X	6500	B	1
X	6500	B	1
X	6500	B	1
X	6500	C	1
X	6500	C	1
X	6500	B	1
X	6500	C	1
X	6500	C	1
X	6500	B	1
X	6500	B	1
X	6500	B	1
X	6500	B	1
X	6500	B	1
X	6500	B	1
X	6500	B	1
X	6500	C	1
X	6500	C	1
X	6500	B	1
X	6500	C	1
X	6500	C	1
X	6500	B	1
X	6500	B	1
X	6500	B	1
X	6500	B	1
X	6500	B	1
X	6500	B	1
X	6500	C	1
X	6500	C	1
X	6500	C	1
X	6500	B	1
X	6500	B	1
X	6500	B	1
X	6500	B	1
X	6500	B	1
X	6500	B	1
X	6500	B	1
X	6500	B	1
X	6500	B	1
X	6500	C	1
X	6500	C	1
X	6500	B	1
X	6500	B	1
X	6500	C	1
X	6500	B	1
X	6500	B	1
X	6500	B	1
X	6500	B	1
X	6500	B	1
X	6500	B	1
X	6500	B	1
X	6500	B	1
X	6500	B	1
X	6500	B	1
X	6500	B	1
X	6500	C	1
X	6500	C	1
X	6500	B	1
X	6500	B	1
X	6500	B	1
X	6500	B	1
X	6500	B	1
X	6500	C	1
X	6500	B	1
X	6500	B	1
X	6500	B	1
X	6500	C	1
X	6500	B	1
X	6500	B	1
X	6500	B	1
X	6500	B	1
X	6500	B	1
X	6500	B	1
X	6500	B	1
X	6500	C	1
X	6500	C	1
X	6500	C	1
X	6500	B	1
X	6500	B	1
X	6500	B	1
X	6500	C	1
X	6500	C	1
X	6500	C	1
X	6500	C	1
X	6500	C	1
X	6500	C	1
X	6500	B	1
X	6500	B	1
X	6500	B	1
X	6500	C	1
X	6500	B	1
X	6500	B	1
X	6500	B	1
X	6500	B	1
X	6500	B	1
X	6500	B	1
X	6500	B	1
X	6500	B	1
X	6500	B	1
X	6500	B	1
X	6500	B	1
X	6500	B	1
X	6500	B	1
X	6500	B	1
X	6500	B	1
X	6500	B	1
X	6500	C	1
X	6500	C	1
X	6500	B	1
X	6500	B	1
X	6500	B	1
X	6500	B	1
X	6500	B	1
X	6500	B	1
X	6500	B	1
X	6500	C	1
X	6500	C	1
X	6500	B	1
X	6500	B	1
X	6500	B	1
X	6500	C	1
X	6500	C	1
X	6500	B	1
X	6500	B	1
X	6500	C	1
X	6500	C	1
X	6500	B	1
X	6500	B	1
X	6500	B	1
X	6500	B	1
X	6500	C	1
X	6500	C	1
X	6500	B	1
X	6500	B	1
X	6500	B	1
X	6500	C	1
X	6500	C	1
X	6500	C	1
X	6500	C	1
X	6500	B	1
X	6500	B	1
X	6500	B	1
X	6500	B	1
X	6500	B	1
X	6500	B	1
X	6500	B	1
X	6500	B	1
X	6500	B	1
X	6500	B	1
X	6500	B	1
X	6500	B	1
X	6500	B	1
X	6500	B	1
X	6500	B	1
X	6500	B	1
X	6500	B	1
X	6500	B	1
X	6500	B	1
X	6500	C	1
X	6500	C	1
X	6500	C	1
X	6500	B	1
X	6500	A	1
X	6500	C	1
X	6500	B	1
X	6500	B	1
X	6500	B	1
X	6500	B	1
X	6500	B	1
X	6500	C	1
X	6500	C	1
X	6500	B	1
X	6500	B	1
X	6500	B	1
X	6500	C	1
X	6500	C	1
X	6500	B	1
X	6500	B	1
X	6500	B	1
X	6500	C	1
X	6500	C	1
X	6500	B	1
X	6500	B	1
X	6500	B	1
X	6500	B	1
X	6500	B	1
X	6500	B	1
X	6500	B	1
X	6500	B	1
X	6500	B	1
X	6500	B	1
X	6500	B	1
X	6500	B	1
X	6500	C	1
X	6500	C	1
X	6500	C	1
X	6500	B	1
X	6500	B	1
X	6500	C	1
X	6500	C	1
X	6500	C	1
X	6500	B	1
X	6500	B	1
X	6500	B	1
X	6500	B	1
X	6500	B	1
X	6500	C	1
X	6500	B	1
X	6500	B	1
X	6600	A	1
X	6600	C	1
X	6600	C	1
X	6600	B	1
X	6600	B	1
X	6600	B	1
X	6600	B	1
X	6600	C	1
X	6600	C	1
X	6600	C	1
X	6600	B	1
X	6600	A	1
X	6600	C	1
X	6600	B	1
X	6600	B	1
X	6600	B	1
X	6600	B	1
X	6600	B	1
X	6600	B	1
X	6600	B	1
X	6600	A	1
X	6600	B	1
X	6600	A	1
X	6600	C	1
X	6600	B	1
X	6600	B	1
X	6600	B	1
X	6600	C	1
X	6600	C	1
X	6600	C	1
X	6600	B	1
X	6600	B	1
X	6600	B	1
X	6600	B	1
X	6600	A	1
X	6600	C	1
X	6600	C	1
X	6600	C	1
X	6600	C	1
X	6600	C	1
X	6600	B	1
X	6600	B	1
X	6600	B	1
X	6600	B	1
X	6600	B	1
X	6600	B	1
X	6600	B	1
X	6600	A	1
X	6600	C	1
X	6600	B	1
X	6600	B	1
X	6600	C	1
X	6600	C	1
X	6600	C	1
X	6600	C	1
X	6600	B	1
X	6600	B	1
X	6600	B	1
X	6600	B	1
X	6600	C	1
X	6600	C	1
X	6600	C	1
X	6600	C	1
X	6600	B	1
X	6600	B	1
X	6600	C	1
X	6600	C	1
X	6600	C	1
X	6600	C	1
X	6600	B	1
X	6600	B	1
X	6600	B	1
X	6600	B	1
X	6600	A	1
X	6600	B	1
X	6600	B	1
X	6600	B	1
X	6600	C	1
X	6600	C	1
X	6600	B	1
X	6600	B	1
X	6600	C	1
X	6600	C	1
X	6600	C	1
X	6600	C	1
X	6600	C	1
X	6600	B	1
X	6600	B	1
X	6600	B	1
X	6600	B	1
X	6600	B	1
X	6600	C	1
X	6600	C	1
X	6600	B	1
X	6600	A	1
X	6600	C	1
X	6600	C	1
X	6600	B	1
X	6600	B	1
X	6600	B	1
X	6600	C	1
X	6600	B	1
X	6600	B	1
X	6600	B	1
X	6600	C	1
X	6600	C	1
X	6600	B	1
X	6600	B	1
X	6600	C	1
X	6600	C	1
X	6600	B	1
X	6600	B	1
X	6600	B	1
X	6600	C	1
X	6600	C	1
X	6600	C	1
X	6600	C	1
X	6600	B	1
X	6600	C	1
X	6600	C	1
X	6600	C	1
X	6600	C	1
X	6600	B	1
X	6600	B	1
X	6600	B	1
X	6600	B	1
X	6600	A	1
X	6600	B	1
X	6600	C	1
X	6600	C	1
X	6600	C	1
X	6600	B	1
X	6600	B	1
X	6600	A	1
X	6600	A	1
X	6600	C	1
X	6600	B	1
X	6600	C	1
X	6600	C	1
X	6600	C	1
X	6600	C	1
X	6600	C	1
X	6600	B	1
X	6600	B	1
X	6600	B	1
X	6600	B	1
X	6600	C	1
X	6600	C	1
X	6600	C	1
X	6600	C	1
X	6600	C	1
X	6600	B	1
X	6600	B	1
X	6600	B	1
X	6600	B	1
X	6600	B	1
X	6600	B	1
X	6600	A	1
X	6600	B	1
X	6600	B	1
X	6600	B	1
X	6600	B	1
X	6600	B	1
X	6600	C	1
X	6600	C	1
X	6600	B	1
X	6600	B	1
X	6600	C	1
X	6600	C	1
X	6600	C	1
X	6600	B	1
X	6600	B	1
X	6600	B	1
X	6600	B	1
X	6600	B	1
X	6600	C	1
X	6600	B	1
X	6600	C	1
X	6600	B	1
X	6600	B	1
X	6600	C	1
X	6600	C	1
X	6600	C	1
X	6600	B	1
X	6600	B	1
X	6600	C	1
X	6600	C	1
X	6600	C	1
X	6600	C	1
X	6600	C	1
X	6600	C	1
X	6600	B	1
X	6600	B	1
X	6600	B	1
X	6600	B	1
X	6700	A	1
X	6700	A	1
X	6700	A	1
X	6700	A	1
X	6700	C	1
X	6700	B	1
X	6700	A	1
X	6700	A	1
X	6700	A	1
X	6700	B	1
X	6700	A	1
X	6700	A	1
X	6700	C	1
X	6700	C	1
X	6700	B	1
X	6700	C	1
X	6700	C	1
X	6700	C	1
X	6700	B	1
X	6700	A	1
X	6700	A	1
X	6800	A	1
X	6800	B	1
X	6800	B	1
X	6900	A	1
X	6900	B	1
X	6900	A	1
X	6900	B	1
X	7000	B	1
X	7000	B	1
X	7100	B	1
X	7100	A	1
X	7100	C	1
X	7100	A	1
X	7300	C	1
X	7300	B	1
X	7300	C	1
X	7400	C	1
X	7400	B	1
X	7400	C	1
X	7500	B	1
X	7500	B	1
X	7600	C	1
X	7700	B	1
X	7800	C	1
X	7800	B	1
X	7900	B	1
X	7900	B	1
X	8000	B	1
X	8000	B	1
X	8100	B	1
X	8100	B	1
X	8100	C	1
X	8100	C	1
X	8200	A	1
X	8200	C	1
X	8200	B	1
X	8200	C	1
X	8200	C	1
X	8200	B	1
X	8200	B	1
X	8200	A	1
X	8200	B	1
X	8300	A	1
X	8300	B	1
X	8300	B	1
X	8300	B	1
X	8300	A	1
X	8300	A	1
X	8300	A	1
X	8300	A	1
X	8300	A	1
X	8300	B	1
X	8300	B	1
X	8300	A	1
X	8300	C	1
X	8300	C	1
X	8300	B	1
X	8300	B	1
X	8300	A	1
X	8300	C	1
X	8300	C	1
X	8300	B	1
X	8300	C	1
X	8300	C	1
X	8300	C	1
X	8300	C	1
X	8300	B	1
X	8300	B	1
X	8300	B	1
X	8300	B	1
X	8300	B	1
X	8300	A	1
X	8300	B	1
X	8300	A	1
X	8300	B	1
X	8300	B	1
X	8300	B	1
X	8300	B	1
X	8300	B	1
X	8300	A	1
X	8300	B	1
X	8300	B	1
X	8300	A	1
X	8300	B	1
X	8300	B	1
X	8300	B	1
X	8400	A	1
X	8400	B	1
X	8400	A	1
X	8400	A	1
X	8400	B	1
X	8400	A	1
X	8400	A	1
X	8400	A	1
X	8400	C	1
X	8400	C	1
X	8400	B	1
X	8400	A	1
X	8400	B	1
X	8400	A	1
X	8400	A	1
X	8400	B	1
X	8400	B	1
X	8400	A	1
X	8400	A	1
X	8400	B	1
X	8400	B	1
X	8400	B	1
X	8400	B	1
X	8400	A	1
X	8400	A	1
X	8400	A	1
X	8400	A	1
X	8400	B	1
X	8400	B	1
X	8400	B	1
X	8400	A	1
X	8400	B	1
X	8400	B	1
X	8400	A	1
X	8400	A	1
X	8400	B	1
X	8400	B	1
X	8400	A	1
X	8400	A	1
X	8400	B	1
X	8400	A	1
X	8400	B	1
X	8400	B	1
X	8400	B	1
X	8400	B	1
X	8400	B	1
X	8400	A	1
X	8400	B	1
X	8400	B	1
X	8400	B	1
X	8500	A	1
X	8500	B	1
X	8500	B	1
X	8500	C	1
X	8500	B	1
X	8500	B	1
X	8500	B	1
X	8500	B	1
X	8500	A	1
X	8500	A	1
X	8500	B	1
X	8500	A	1
X	8500	A	1
X	8500	A	1
X	8500	A	1
X	8600	A	1
X	8600	B	1
X	8600	B	1
X	8600	A	1
X	8600	A	1
X	8600	B	1
X	9000	B	1
X	9100	B	1
X	9300	B	1
X	9600	C	1
X	9700	B	1
X	9800	C	1
X	9900	B	1
X	10000	B	1
X	10000	B	1
X	10000	B	1
X	10000	B	1
X	10000	B	1
X	10000	B	1
X	10000	B	1
X	10100	A	1
X	10100	B	1
X	10200	A	1
X	10200	B	1
X	10200	C	1
X	10200	B	1
X	10200	A	1
X	10200	B	1
X	10200	C	1
X	10200	A	1
X	10300	A	1
X	10300	B	1
X	10300	B	1
X	10300	B	1
X	10300	B	1
X	10300	A	1
X	10300	C	1
X	10300	A	1
X	10300	A	1
X	10400	B	1
X	10400	B	1
X	10400	B	1
X	10400	A	1
X	10400	A	1
X	10400	B	1
X	10400	B	1
X	10400	B	1
X	10400	B	1
X	10400	B	1
X	10400	B	1
X	10400	A	1
X	10400	A	1
X	10400	B	1
X	10400	B	1
X	10400	B	1
X	10400	B	1
X	10400	B	1
X	10400	B	1
X	10400	B	1
X	10400	B	1
X	10400	B	1
X	10400	B	1
X	10400	B	1
X	10400	A	1
X	10400	A	1
X	10400	B	1
X	10400	B	1
X	10400	A	1
X	10400	A	1
X	10500	B	1
X	10500	B	1
X	10500	B	1
X	10500	B	1
X	10500	B	1
X	10500	C	1
X	10500	B	1
X	10500	C	1
X	10500	B	1
X	10500	A	1
X	10500	B	1
X	10500	B	1
X	10500	B	1
X	10500	B	1
X	10500	A	1
X	10500	B	1
X	10500	B	1
X	10500	B	1
X	10500	B	1
X	10500	B	1
X	10500	B	1
X	10500	B	1
X	10500	B	1
X	10500	A	1
X	10600	A	1
X	10600	A	1
X	10600	A	1
X	10600	A	1
X	10600	A	1
X	10700	B	1
X	10700	A	1
X	10800	A	1
X	10900	B	1
X	11300	C	1
X	11300	B	1
X	11800	C	1
X	12000	B	1
X	12000	B	1
X	12100	B	1
X	12100	B	1
X	12100	B	1
X	12100	B	1
X	12100	C	1
X	12100	C	1
X	12100	B	1
X	12100	B	1
X	12100	B	1
X	12100	B	1
X	12100	B	1
X	12100	B	1
X	12100	A	1
X	12100	A	1
X	12200	A	1
X	12200	B	1
X	12200	A	1
X	12200	B	1
X	12200	B	1
X	12200	A	1
X	12200	B	1
X	12300	A	1
X	12300	A	1
X	12300	B	1
X	12300	B	1
X	12300	A	1
X	12300	A	1
X	12300	A	1
X	12300	A	1
X	12300	C	1
X	12300	A	1
X	12300	A	1
X	12300	B	1
X	12300	B	1
X	12400	A	1
X	12400	B	1
X	12400	C	1
X	12400	B	1
X	12400	B	1
X	12400	B	1
X	12400	B	1
X	12400	B	1
X	12400	B	1
X	12400	A	1
X	12400	B	1
X	12400	B	1
X	12400	B	1
X	12400	A	1
X	12400	A	1
X	12500	B	1
X	12500	A	1
X	12500	A	1
X	12500	A	1
X	12500	B	1
X	12500	A	1
X	12500	A	1
X	12700	C	1
X	12700	B	1
X	12800	B	1
X	12800	C	1
X	12800	B	1
X	12800	B	1
X	12800	B	1
X	12900	B	1
X	13000	B	1
X	13000	B	1
X	13100	B	1
X	13100	B	1
X	14000	B	1
X	14000	B	1
X	14000	B	1
X	14100	B	1
X	14200	B	1
X	14200	A	1
X	14200	A	1
X	14200	B	1
X	14200	B	1
X	14200	A	1
X	14200	B	1
X	14300	B	1
X	14300	A	1
X	14300	B	1
X	14300	A	1
X	14300	B	1
X	14300	A	1
X	14300	B	1
X	14300	A	1
X	14300	B	1
X	14400	A	1
X	14400	B	1
X	14400	B	1
X	14400	B	1
X	14400	B	1
X	14400	A	1
X	14500	B	1
X	14500	B	1
X	14500	B	1
X	14500	B	1
X	14500	B	1
X	14600	C	1
X	14600	B	1
X	15000	B	1
X	15000	B	1
X	15700	B	1
X	16000	B	1
X	16000	B	1
X	16100	C	1
X	16100	C	1
X	16100	C	1
X	16100	C	1
X	16100	B	1
X	16100	B	1
X	16200	A	1
X	16300	B	1
X	16300	B	1
X	16300	B	1
X	16300	A	1
X	16300	B	1
X	16300	B	1
X	16300	B	1
X	16300	A	1
X	16300	A	1
X	16300	A	1
X	16400	A	1
X	16700	A	1
X	17100	B	1
X	18000	B	1
X	18100	B	1
X	18100	B	1
X	18100	B	1
X	18100	A	1
X	18200	C	1
X	18200	B	1
X	18300	A	1
X	18300	B	1
X	18300	A	1
X	18400	B	1
X	18400	A	1
X	18400	B	1
X	18400	A	1
X	18400	B	1
X	18400	B	1
X	18400	A	1
X	18400	B	1
X	18400	A	1
X	18400	A	1
X	18500	B	1
X	18500	B	1
X	19000	B	1
X	19100	C	1
X	19200	C	1
X	19300	A	1
X	19400	B	1
X	20100	B	1
X	20100	C	1
X	20100	B	1
X	20100	B	1
X	20200	B	1
X	20200	B	1
X	20200	B	1
X	20300	B	1
X	20400	C	1
X	20400	A	1
X	20400	A	1
X	20400	B	1
X	20400	B	1
X	20400	B	1
X	20500	C	1
X	20500	C	1
X	20500	B	1
X	20500	B	1
X	20500	B	1
X	20500	B	1
X	22200	B	1
X	22300	A	1
X	22300	A	1
X	22400	B	1
X	22400	A	1
X	22400	A	1
X	22400	A	1
X	22400	A	1
X	22500	B	1
X	22500	B	1
X	22500	A	1
X	22600	A	1
X	24100	A	1
X	24100	A	1
X	24200	B	1
X	24300	A	1
X	24400	A	1
X	24400	B	1
X	24400	A	1
X	24400	A	1
X	24400	A	1
X	25400	B	1
X	26000	B	1
X	26200	A	1
X	26300	B	1
X	26300	B	1
X	26300	B	1
X	26400	A	1
X	26400	A	1
X	28300	A	1
X	28400	A	1
X	28400	A	1
X	28400	A	1
X	28400	A	1
X	28500	A	1
X	30200	A	1
X	30400	A	1
X	30400	A	1
X	30400	A	1
X	30400	B	1
X	30400	A	1
X	30400	B	1
X	30400	A	1
X	30800	A	1
X	30800	A	1
X	30800	A	1
X	30800	A	1
X	32200	B	1
X	32200	B	1
X	32300	A	1
X	32400	B	1
X	32400	B	1
X	32400	A	1
X	34000	B	1
X	34100	A	1
X	34200	A	1
X	34300	A	1
X	34400	B	1
X	34400	B	1
X	34400	B	1
X	34500	A	1
X	35000	B	1
X	36100	A	1
X	36100	A	1
X	36200	A	1
X	36300	A	1
X	36300	A	1
X	36300	A	1
X	36400	A	1
X	36400	A	1
X	36400	A	1
X	36600	A	1
X	38300	A	1
X	38400	A	1
X	40000	B	1
X	40000	B	1
X	40300	B	1
X	40300	B	1
X	40300	B	1
X	40400	A	1
X	42000	B	1
X	42200	A	1
X	43000	B	1
X	43000	B	1
X	44300	B	1
X	44400	A	1
X	44400	A	1
X	44400	A	1
X	44400	A	1
X	44400	A	1
X	44500	A	1
X	44500	A	1
X	45300	A	1
X	50100	A	1
X	53200	A	1
X	54200	A	1
X	54200	A	1
X	57300	A	1
X	63800	A	1
X	63800	A	1
X	65300	B	1
X	71400	A	1
X	75100	B	1
X	76000	B	1
X	85600	A	1
X	85600	A	1
S	105000	301	29.176	0.097	0	0.000	0.000	0	0.000	0.000	0.600

