H	clla-rg8c-s9001-bac-20260921T173818Z
P	A	1	5001	1.00	11187	430.3	0.000	547.922	0.000	0.000	0.000	0.000	397.749	-112.237
P	A	2	7001	1.00	5134	197.5	0.000	270.624	0.000	0.000	0.000	0.000	1757.637	-718.855
P	A	3	9001	1.00	3108	119.5	302.340	251.508	0.000	0.000	0.000	0.000	1514.040	-967.989
P	A	4	11001	1.00	2470	95.0	676.698	181.197	0.000	0.000	0.000	0.000	1222.728	-1048.979
P	A	5	13001	1.00	1905	73.3	1038.250	126.829	0.000	0.000	0.000	0.000	929.106	-1022.067
P	A	6	15001	1.00	1450	55.8	1120.772	123.573	0.000	0.000	0.000	0.000	858.332	-908.082
P	A	7	17001	1.00	1816	69.8	1176.908	122.699	0.000	0.000	0.000	0.000	812.078	-789.515
P	A	8	19001	1.00	1789	68.8	1226.865	139.541	0.000	0.000	0.000	0.000	749.379	-764.732
P	A	9	21001	1.00	1816	69.8	1267.046	144.914	0.000	0.000	0.000	0.000	706.702	-724.253
P	A	10	23001	1.00	2136	82.2	1283.103	146.990	0.000	0.000	0.000	0.000	693.511	-703.639
P	A	11	25001	1.00	1727	66.4	1310.589	160.975	0.000	0.000	0.000	0.000	658.183	-702.835
P	A	12	27001	0.92	1557	59.9	1319.065	154.746	0.000	0.000	0.000	0.000	531.718	-664.289
P	A	13	29001	1.00	2064	79.4	1318.337	162.167	0.000	0.000	0.000	0.000	648.070	-642.736
P	A	14	31001	1.00	1898	73.0	1327.820	162.749	0.000	0.000	0.000	0.000	645.753	-679.856
P	A	15	33001	0.98	1959	75.3	1331.232	163.031	0.000	0.000	0.000	0.000	628.313	-654.500
P	A	16	35001	0.96	1881	72.3	1315.983	173.959	0.000	0.000	0.000	0.000	588.064	-619.233
P	A	17	37001	1.00	1676	64.5	1295.128	177.796	0.000	0.000	0.000	0.000	667.611	-629.383
P	A	18	39001	1.00	1788	68.8	1348.237	159.392	0.000	0.000	0.000	0.000	634.163	-638.956
P	A	19	41001	1.00	1783	68.6	1356.845	161.758	0.000	0.000	0.000	0.000	623.773	-734.969
P	A	20	43001	1.00	2059	79.2	1338.726	173.353	0.000	0.000	0.000	0.000	633.886	-662.609
P	C	21	45001	0.19	842	32.4	0.000	0.000	0.000	10.030	0.000	0.000	154.828	-161.957
P	C	22	47001	0.19	825	31.7	0.000	0.000	0.000	16.224	0.000	0.000	154.929	-118.862
P	C	23	49001	0.19	853	32.8	0.000	0.000	0.000	16.481	0.000	0.000	156.589	-84.461
P	C	24	51001	0.19	785	30.2	0.000	0.000	0.000	16.254	0.000	0.000	161.178	-63.655
P	C	25	53001	0.19	801	30.8	0.000	0.000	0.000	16.854	0.000	0.000	167.153	-49.990
P	C	26	55001	0.19	745	28.7	0.000	0.000	0.000	15.395	0.000	0.000	169.652	-38.207
P	C	27	57001	0.19	808	31.1	0.000	0.000	0.000	15.645	0.000	0.000	169.605	-32.330
P	C	28	59001	0.21	847	32.6	0.000	0.000	2.366	13.893	0.000	0.000	174.247	-29.386
P	C	29	61001	0.19	764	29.4	0.000	0.000	2.604	14.015	0.000	0.000	178.457	-33.967
P	C	30	63001	0.19	774	29.8	0.000	0.000	3.783	14.418	0.000	0.000	180.616	-33.304
P	C	31	65001	0.21	798	30.7	0.000	0.000	6.658	13.749	0.000	0.000	187.450	-36.451
P	C	32	67001	0.21	771	29.7	0.000	0.000	6.499	12.627	0.000	0.000	189.433	-35.604
P	C	33	69001	0.21	764	29.4	0.000	0.000	9.894	11.143	0.000	0.000	189.562	-33.935
P	C	34	71001	0.19	703	27.0	0.000	0.000	8.835	11.892	0.000	0.000	188.707	-25.389
P	C	35	73001	0.21	772	29.7	0.000	0.000	11.194	11.005	0.000	0.000	192.711	-20.808
P	C	36	75001	0.21	879	33.8	0.000	0.000	12.509	11.064	0.000	0.000	194.414	-21.905
P	C	37	77001	0.21	767	29.5	0.000	0.000	14.179	10.850	0.000	0.000	199.859	-28.124
P	C	38	79001	0.21	862	33.2	0.000	0.000	15.938	9.901	0.000	0.000	198.172	-28.065
P	C	39	81001	0.21	744	28.6	0.000	0.000	16.391	9.834	0.000	0.000	202.973	-32.000
P	C	40	83001	0.21	830	31.9	0.000	0.000	18.469	8.514	0.000	0.000	200.800	-26.417
G	5501	7001	2321
G	7501	9001	701
G	9501	11001	1745
G	11501	13001	1887
G	13501	15001	2095
G	15501	17001	2289
G	17501	19001	2637
G	19501	21001	2600
G	21501	23001	2662
G	23501	25001	2329
G	25501	27001	2317
G	27501	29001	2280
G	29501	31001	2249
G	31501	33001	2223
G	33501	35001	2206
G	35501	37001	2183
G	37501	39001	2254
G	39501	41001	2216
G	41501	43001	2154
G	43501	45001	2148
G	45501	47001	2150
G	47501	49001	2100
G	49501	51001	2080
G	51501	53001	2103
G	53501	55001	2059
G	55501	57001	2042
G	57501	59001	2025
G	59501	61001	2014
G	61501	63001	2000
G	63501	65001	2000
G	65501	67001	2000
G	67501	69001	2000
G	69501	71001	2000
G	71501	73001	2000
G	73501	75001	2000
G	75501	77001	2000
G	77501	79001	2000
G	79501	81001	2000
G	81501	83001	2003
E	5500	B	1
E	5500	B	1
E	7100	A	1
E	7100	A	1
E	7200	A	1
E	7200	A	1
E	7200	A	1
E	7200	A	1
E	7200	A	1
E	7200	A	1
E	7200	A	1
E	7200	A	1
E	7200	A	1
E	7200	A	1
E	7200	A	1
E	7200	A	1
E	7200	A	1
E	7200	A	1
E	7200	A	1
E	7200	A	1
E	7200	A	1
E	7200	A	1
E	7200	A	1
E	7200	A	1
E	7200	A	1
E	7200	A	1
E	7200	A	1
E	7200	A	1
E	7200	A	1
E	7200	A	1
E	7200	A	1
E	7200	A	1
E	7200	A	1
E	7200	A	1
E	7200	A	1
E	7200	A	1
E	7200	A	1
E	7200	A	1
E	7200	A	1
E	7200	A	1
E	7200	A	1
E	7200	A	1
E	7200	A	1
E	7200	A	1
E	7200	A	1
E	7300	A	1
E	7300	A	1
E	7300	A	1
E	7300	A	1
E	7300	A	1
E	7300	A	1
E	7300	A	1
E	7300	A	1
E	7300	A	1
E	7300	A	1
E	7300	A	1
E	7300	A	1
E	7300	A	1
E	7300	A	1
E	7300	A	1
E	7300	A	1
E	7300	A	1
E	7300	A	1
E	7300	A	1
E	7300	A	1
E	7300	A	1
E	7300	A	1
E	7300	A	1
E	7300	A	1
E	7300	A	1
E	7300	A	1
E	7300	A	1
E	7300	A	1
E	7300	A	1
E	7300	A	1
E	7300	A	1
E	7300	A	1
E	7300	A	1
E	7300	A	1
E	7300	A	1
E	7300	A	1
E	7300	A	1
E	7300	A	1
E	7300	A	1
E	7300	A	1
E	7300	A	1
E	7300	A	1
E	7300	A	1
E	7300	A	1
E	7300	A	1
E	7300	A	1
E	7300	A	1
E	7300	A	1
E	7300	A	1
E	7300	A	1
E	7300	A	1
E	7300	A	1
E	7300	A	1
E	7300	A	1
E	7300	A	1
E	7300	A	1
E	7300	A	1
E	7300	A	1
E	7300	A	1
E	7300	A	1
E	7400	A	1
E	7400	A	1
E	7400	A	1
E	7400	A	1
E	7400	A	1
E	7400	A	1
E	7400	A	1
E	7400	A	1
E	7400	A	1
E	7400	A	1
E	7400	A	1
E	7400	A	1
E	7400	A	1
E	7400	A	1
E	7400	A	1
E	7400	A	1
E	7400	A	1
E	7400	A	1
E	7400	A	1
E	7400	A	1
E	7400	A	1
E	7400	A	1
E	7400	A	1
E	7400	A	1
E	7400	A	1
E	7400	A	1
E	7400	A	1
E	7400	A	1
E	7400	A	1
E	7400	A	1
E	7400	A	1
E	7400	A	1
E	7400	A	1
E	7400	A	1
E	7400	A	1
E	7400	A	1
E	7400	A	1
E	7400	A	1
E	7400	A	1
E	7400	A	1
E	7400	A	1
E	7400	A	1
E	7500	A	1
E	7500	A	1
E	7500	A	1
E	7500	A	1
E	7500	A	1
E	7500	A	1
E	7500	A	1
E	7500	A	1
E	7500	A	1
E	7500	A	1
E	7500	A	1
E	7500	A	1
E	7500	A	1
E	7500	A	1
E	7500	A	1
E	7500	A	1
E	7500	A	1
E	7500	A	1
E	9200	A	1
E	9200	A	1
E	9200	A	1
E	9200	A	1
E	9200	A	1
E	9300	A	1
E	9300	A	1
E	9300	A	1
E	9300	A	1
E	9300	A	1
E	9300	A	1
E	9300	A	1
E	9300	A	1
E	9300	A	1
E	9300	A	1
E	9300	A	1
E	9300	A	1
E	9300	A	1
E	9300	A	1
E	9300	A	1
E	9300	A	1
E	9400	A	1
E	9400	A	1
E	9400	A	1
E	9400	A	1
E	9400	A	1
E	9400	A	1
E	9400	A	1
E	9400	A	1
E	9400	A	1
E	9400	A	1
E	9400	A	1
E	9400	A	1
E	9400	A	1
E	9400	A	1
E	9400	A	1
E	9400	A	1
E	9400	A	1
E	9400	A	1
E	9400	A	1
E	9400	A	1
E	9400	A	1
E	9500	A	1
E	9500	A	1
E	9500	A	1
E	9500	A	1
E	9500	A	1
E	9500	A	1
E	11100	A	1
E	11200	A	1
E	11200	A	1
E	11300	A	1
E	11300	A	1
E	11400	A	1
E	11400	A	1
E	11400	A	1
E	11500	A	1
E	11500	A	1
E	11500	A	1
E	11500	A	1
E	13200	A	1
E	13300	A	1
E	13400	A	1
E	13500	A	1
E	17300	A	1
E	17300	A	1
E	17400	A	1
E	17400	A	1
E	17500	A	1
E	19300	A	1
E	21500	A	1
E	23400	A	1
E	23400	A	1
E	25300	A	1
E	25400	A	1
E	25500	A	1
E	25500	A	1
E	25500	A	1
E	25500	A	1
E	27500	A	1
E	27500	A	1
E	29500	A	1
E	29500	A	1
E	31300	A	1
E	31400	A	1
E	31400	A	1
E	31400	A	1
E	31400	A	1
E	33500	A	1
E	35300	A	1
E	35400	A	1
E	35400	A	1
E	35500	A	1
E	41300	A	1
E	41500	A	1
E	43200	A	1
E	43400	A	1
E	43400	A	1
E	43500	A	1
E	57300	C	1
E	57500	C	1
E	67500	C	1
E	67500	C	1
E	67500	C	1
X	1500	B	1
X	1500	B	1
X	1600	B	1
X	1900	B	1
X	2200	B	1
X	2200	B	1
X	2200	B	1
X	2400	B	1
X	2500	B	1
X	2600	B	1
X	2700	B	1
X	2700	B	1
X	2800	B	1
X	2800	B	1
X	2800	B	1
X	2800	B	1
X	2800	B	1
X	2900	B	1
X	2900	B	1
X	3100	B	1
X	3100	B	1
X	3300	B	1
X	3400	B	1
X	3400	B	1
X	3400	B	1
X	3500	B	1
X	3500	B	1
X	3500	B	1
X	3500	B	1
X	3600	B	1
X	3700	B	1
X	3900	B	1
X	4000	B	1
X	4000	B	1
X	4100	B	1
X	4200	B	1
X	4200	B	1
X	4400	B	1
X	4500	B	1
X	4500	B	1
X	4600	B	1
X	4700	B	1
X	4700	B	1
X	4900	B	1
X	5000	B	1
X	5000	B	1
X	5100	B	1
X	5400	B	1
X	5400	B	1
X	5900	B	1
X	6000	B	1
X	6000	B	1
X	6000	B	1
X	6000	B	1
X	6000	B	1
X	6000	B	1
X	6000	B	1
X	6000	B	1
X	6000	B	1
X	6000	B	1
X	6000	B	1
X	6000	B	1
X	6000	B	1
X	6000	B	1
X	6000	B	1
X	6000	B	1
X	6100	B	1
X	6100	B	1
X	6100	B	1
X	6100	B	1
X	6100	B	1
X	6100	B	1
X	6100	B	1
X	6100	B	1
X	6100	B	1
X	6100	B	1
X	6100	B	1
X	6100	B	1
X	6200	B	1
X	6200	B	1
X	6200	B	1
X	6200	B	1
X	6200	B	1
X	6200	B	1
X	6200	B	1
X	6200	B	1
X	6200	B	1
X	6200	B	1
X	6200	B	1
X	6200	B	1
X	6200	B	1
X	6200	B	1
X	6200	B	1
X	6200	B	1
X	6200	B	1
X	6200	B	1
X	6200	B	1
X	6200	B	1
X	6200	B	1
X	6200	B	1
X	6200	B	1
X	6200	B	1
X	6200	B	1
X	6300	C	1
X	6300	B	1
X	6300	B	1
X	6300	B	1
X	6300	B	1
X	6300	C	1
X	6300	C	1
X	6300	B	1
X	6300	B	1
X	6300	B	1
X	6300	C	1
X	6300	B	1
X	6300	B	1
X	6300	C	1
X	6300	B	1
X	6300	C	1
X	6300	C	1
X	6300	C	1
X	6300	C	1
X	6300	B	1
X	6300	B	1
X	6300	B	1
X	6300	C	1
X	6300	C	1
X	6300	B	1
X	6300	B	1
X	6300	B	1
X	6300	C	1
X	6300	B	1
X	6300	B	1
X	6300	B	1
X	6300	C	1
X	6300	C	1
X	6300	B	1
X	6300	B	1
X	6300	B	1
X	6300	B	1
X	6300	C	1
X	6300	B	1
X	6300	B	1
X	6300	B	1
X	6300	B	1
X	6300	B	1
X	6300	B	1
X	6300	B	1
X	6400	C	1
X	6400	C	1
X	6400	C	1
X	6400	B	1
X	6400	B	1
X	6400	B	1
X	6400	B	1
X	6400	B	1
X	6400	B	1
X	6400	B	1
X	6400	B	1
X	6400	C	1
X	6400	C	1
X	6400	C	1
X	6400	B	1
X	6400	B	1
X	6400	C	1
X	6400	C	1
X	6400	C	1
X	6400	B	1
X	6400	C	1
X	6400	C	1
X	6400	C	1
X	6400	B	1
X	6400	B	1
X	6400	B	1
X	6400	C	1
X	6400	C	1
X	6400	C	1
X	6400	C	1
X	6400	B	1
X	6400	B	1
X	6400	B	1
X	6400	B	1
X	6400	B	1
X	6400	B	1
X	6400	C	1
X	6400	C	1
X	6400	C	1
X	6400	C	1
X	6400	B	1
X	6400	C	1
X	6400	C	1
X	6400	B	1
X	6400	B	1
X	6400	B	1
X	6400	B	1
X	6400	C	1
X	6400	C	1
X	6400	B	1
X	6400	B	1
X	6400	B	1
X	6400	B	1
X	6400	B	1
X	6400	C	1
X	6400	B	1
X	6400	B	1
X	6400	B	1
X	6400	B	1
X	6400	B	1
X	6400	B	1
X	6400	B	1
X	6400	B	1
X	6400	B	1
X	6400	B	1
X	6400	C	1
X	6400	B	1
X	6400	B	1
X	6400	B	1
X	6400	B	1
X	6400	B	1
X	6400	B	1
X	6400	B	1
X	6400	B	1
X	6400	B	1
X	6400	B	1
X	6400	B	1
X	6400	C	1
X	6400	B	1
X	6400	B	1
X	6400	B	1
X	6500	A	1
X	6500	C	1
X	6500	C	1
X	6500	B	1
X	6500	B	1
X	6500	B	1
X	6500	B	1
X	6500	C	1
X	6500	C	1
X	6500	B	1
X	6500	B	1
X	6500	B	1
X	6500	B	1
X	6500	C	1
X	6500	C	1
X	6500	B	1
X	6500	B	1
X	6500	B	1
X	6500	B	1
X	6500	B	1
X	6500	C	1
X	6500	B	1
X	6500	C	1
X	6500	C	1
X	6500	C	1
X	6500	B	1
X	6500	B	1
X	6500	B	1
X	6500	B	1
X	6500	B	1
X	6500	C	1
X	6500	C	1
X	6500	C	1
X	6500	C	1
X	6500	C	1
X	6500	B	1
X	6500	C	1
X	6500	B	1
X	6500	C	1
X	6500	B	1
X	6500	B	1
X	6500	C	1
X	6500	C	1
X	6500	B	1
X	6500	B	1
X	6500	B	1
X	6500	B	1
X	6500	B	1
X	6500	B	1
X	6500	B	1
X	6500	C	1
X	6500	C	1
X	6500	C	1
X	6500	C	1
X	6500	C	1
X	6500	B	1
X	6500	B	1
X	6500	B	1
X	6500	B	1
X	6500	C	1
X	6500	C	1
X	6500	B	1
X	6500	C	1
X	6500	C	1
X	6500	C	1
X	6500	B	1
X	6500	B	1
X	6500	B	1
X	6500	B	1
X	6500	B	1
X	6500	B	1
X	6500	C	1
X	6500	C	1
X	6500	C	1
X	6500	C	1
X	6500	B	1
X	6500	B	1
X	6500	B	1
X	6500	B	1
X	6500	B	1
X	6500	B	1
X	6500	B	1
X	6500	C	1
X	6500	B	1
X	6500	B	1
X	6500	B	1
X	6500	C	1
X	6500	C	1
X	6500	B	1
X	6500	B	1
X	6500	B	1
X	6500	B	1
X	6500	B	1
X	6500	B	1
X	6500	B	1
X	6500	C	1
X	6500	C	1
X	6500	C	1
X	6500	C	1
X	6500	B	1
X	6500	B	1
X	6500	B	1
X	6500	B	1
X	6500	B	1
X	6500	C	1
X	6500	C	1
X	6500	C	1
X	6500	B	1
X	6500	C	1
X	6500	C	1
X	6500	C	1
X	6500	B	1
X	6500	B	1
X	6500	B	1
X	6500	B	1
X	6500	C	1
X	6500	C	1
X	6500	C	1
X	6500	B	1
X	6500	B	1
X	6500	B	1
X	6500	B	1
X	6500	B	1
X	6500	B	1
X	6500	B	1
X	6500	B	1
X	6500	B	1
X	6500	C	1
X	6500	B	1
X	6500	B	1
X	6500	C	1
X	6500	B	1
X	6500	B	1
X	6500	B	1
X	6500	B	1
X	6500	B	1
X	6500	B	1
X	6500	B	1
X	6500	C	1
X	6500	C	1
X	6500	C	1
X	6500	C	1
X	6500	B	1
X	6500	C	1
X	6500	C	1
X	6500	B	1
X	6500	B	1
X	6500	C	1
X	6500	C	1
X	6500	C	1
X	6500	C	1
X	6500	B	1
X	6500	B	1
X	6500	B	1
X	6500	B	1
X	6500	B	1
X	6500	B	1
X	6500	B	1
X	6500	B	1
X	6500	B	1
X	6500	B	1
X	6500	B	1
X	6500	B	1
X	6500	B	1
X	6500	C	1
X	6500	C	1
X	6500	B	1
X	6500	B	1
X	6500	B	1
X	6500	B	1
X	6500	B	1
X	6500	B	1
X	6500	B	1
X	6500	C	1
X	6500	C	1
X	6500	C	1
X	6500	C	1
X	6500	C	1
X	6500	B	1
X	6500	B	1
X	6500	B	1
X	6500	B	1
X	6500	C	1
X	6500	C	1
X	6500	B	1
X	6500	B	1
X	6500	B	1
X	6500	B	1
X	6500	B	1
X	6500	B	1
X	6500	C	1
X	6500	C	1
X	6500	C	1
X	6500	C	1
X	6500	B	1
X	6500	B	1
X	6500	B	1
X	6500	B	1
X	6500	B	1
X	6600	A	1
X	6600	A	1
X	6600	B	1
X	6600	B	1
X	6600	B	1
X	6600	B	1
X	6600	B	1
X	6600	C	1
X	6600	B	1
X	6600	B	1
X	6600	A	1
X	6600	B	1
X	6600	B	1
X	6600	B	1
X	6600	B	1
X	6600	B	1
X	6600	B	1
X	6600	A	1
X	6600	A	1
X	6600	B	1
X	6600	B	1
X	6600	A	1
X	6600	A	1
X	6600	B	1
X	6600	A	1
X	6600	B	1
X	6600	B	1
X	6600	A	1
X	6600	B	1
X	6600	B	1
X	6600	C	1
X	6600	C	1
X	6600	C	1
X	6600	B	1
X	6600	B	1
X	6600	B	1
X	6600	B	1
X	6600	B	1
X	6600	B	1
X	6600	A	1
X	6600	B	1
X	6600	B	1
X	6600	B	1
X	6600	A	1
X	6600	B	1
X	6600	B	1
X	6600	B	1
X	6600	A	1
X	6600	B	1
X	6600	C	1
X	6600	B	1
X	6600	B	1
X	6600	A	1
X	6600	B	1
X	6600	B	1
X	6600	B	1
X	6600	B	1
X	6600	A	1
X	6600	B	1
X	6600	B	1
X	6600	B	1
X	6600	C	1
X	6600	C	1
X	6600	C	1
X	6600	B	1
X	6600	B	1
X	6600	B	1
X	6600	B	1
X	6600	B	1
X	6600	B	1
X	6600	C	1
X	6600	B	1
X	6600	C	1
X	6600	C	1
X	6600	B	1
X	6600	B	1
X	6600	B	1
X	6600	B	1
X	6600	A	1
X	6600	C	1
X	6600	C	1
X	6600	C	1
X	6600	B	1
X	6600	B	1
X	6600	B	1
X	6600	C	1
X	6600	C	1
X	6600	C	1
X	6600	C	1
X	6600	B	1
X	6600	B	1
X	6600	B	1
X	6600	B	1
X	6600	B	1
X	6600	C	1
X	6600	C	1
X	6600	B	1
X	6600	B	1
X	6600	B	1
X	6600	B	1
X	6600	B	1
X	6600	B	1
X	6600	C	1
X	6600	C	1
X	6600	B	1
X	6600	B	1
X	6600	B	1
X	6600	B	1
X	6600	B	1
X	6600	C	1
X	6600	C	1
X	6600	B	1
X	6600	B	1
X	6600	B	1
X	6600	B	1
X	6600	B	1
X	6600	B	1
X	6600	C	1
X	6600	B	1
X	6600	B	1
X	6600	B	1
X	6600	B	1
X	6600	B	1
X	6600	B	1
X	6600	B	1
X	6600	B	1
X	6700	A	1
X	6700	A	1
X	6700	B	1
X	6700	A	1
X	6700	B	1
X	6700	A	1
X	6700	B	1
X	6700	A	1
X	6700	A	1
X	6700	B	1
X	6700	A	1
X	6700	A	1
X	6700	A	1
X	6700	C	1
X	6700	B	1
X	6700	A	1
X	6700	A	1
X	6700	C	1
X	6700	A	1
X	6700	A	1
X	6700	A	1
X	6700	A	1
X	6700	A	1
X	6700	B	1
X	6700	A	1
X	6700	A	1
X	6700	A	1
X	6700	C	1
X	6700	C	1
X	6700	B	1
X	6700	B	1
X	6700	B	1
X	6700	A	1
X	6700	A	1
X	6700	A	1
X	6700	A	1
X	6700	C	1
X	6700	C	1
X	6700	B	1
X	6700	A	1
X	6700	A	1
X	6700	B	1
X	6700	C	1
X	6700	A	1
X	6700	A	1
X	6700	C	1
X	6700	C	1
X	6700	B	1
X	6700	B	1
X	6700	A	1
X	6700	B	1
X	6800	A	1
X	6900	A	1
X	7000	B	1
X	7100	B	1
X	7200	C	1
X	7200	C	1
X	7400	B	1
X	7800	C	1
X	7800	C	1
X	7800	B	1
X	8000	B	1
X	8100	B	1
X	8100	B	1
X	8100	B	1
X	8100	B	1
X	8100	B	1
X	8100	B	1
X	8100	C	1
X	8100	B	1
X	8100	B	1
X	8200	B	1
X	8200	B	1
X	8200	C	1
X	8200	B	1
X	8200	B	1
X	8200	A	1
X	8200	B	1
X	8200	B	1
X	8200	C	1
X	8200	C	1
X	8300	B	1
X	8300	C	1
X	8300	C	1
X	8300	B	1
X	8300	B	1
X	8300	B	1
X	8300	C	1
X	8300	A	1
X	8300	B	1
X	8300	B	1
X	8300	B	1
X	8300	B	1
X	8300	B	1
X	8300	B	1
X	8300	B	1
X	8300	B	1
X	8300	A	1
X	8300	B	1
X	8300	C	1
X	8300	C	1
X	8300	C	1
X	8300	B	1
X	8300	B	1
X	8300	B	1
X	8300	B	1
X	8300	A	1
X	8300	A	1
X	8300	B	1
X	8300	B	1
X	8300	B	1
X	8300	B	1
X	8300	B	1
X	8300	C	1
X	8300	C	1
X	8300	B	1
X	8300	B	1
X	8400	A	1
X	8400	A	1
X	8400	B	1
X	8400	B	1
X	8400	B	1
X	8400	B	1
X	8400	A	1
X	8400	C	1
X	8400	C	1
X	8400	C	1
X	8400	A	1
X	8400	B	1
X	8400	A	1
X	8400	B	1
X	8400	B	1
X	8400	B	1
X	8400	B	1
X	8400	B	1
X	8400	B	1
X	8400	B	1
X	8400	C	1
X	8400	B	1
X	8400	B	1
X	8400	B	1
X	8400	B	1
X	8400	B	1
X	8400	B	1
X	8400	B	1
X	8400	B	1
X	8400	C	1
X	8400	C	1
X	8400	B	1
X	8400	A	1
X	8400	A	1
X	8400	B	1
X	8400	B	1
X	8400	B	1
X	8400	A	1
X	8400	C	1
X	8400	B	1
X	8400	B	1
X	8400	B	1
X	8400	A	1
X	8400	B	1
X	8400	A	1
X	8400	B	1
X	8400	B	1
X	8400	B	1
X	8400	B	1
X	8400	A	1
X	8400	C	1
X	8400	B	1
X	8500	A	1
X	8500	A	1
X	8500	B	1
X	8500	B	1
X	8500	B	1
X	8500	A	1
X	8500	B	1
X	8500	B	1
X	8500	B	1
X	8500	B	1
X	8500	C	1
X	8500	B	1
X	8500	B	1
X	8500	B	1
X	8500	A	1
X	8500	A	1
X	8600	B	1
X	8600	A	1
X	8600	B	1
X	8600	A	1
X	8700	C	1
X	9100	B	1
X	9200	C	1
X	9400	C	1
X	9500	B	1
X	9900	B	1
X	10000	B	1
X	10000	B	1
X	10000	B	1
X	10100	C	1
X	10100	A	1
X	10100	A	1
X	10100	B	1
X	10100	A	1
X	10100	B	1
X	10100	B	1
X	10100	A	1
X	10100	C	1
X	10100	B	1
X	10100	B	1
X	10100	A	1
X	10100	B	1
X	10100	B	1
X	10100	B	1
X	10100	B	1
X	10100	B	1
X	10200	B	1
X	10200	A	1
X	10200	B	1
X	10200	A	1
X	10200	A	1
X	10200	B	1
X	10200	A	1
X	10200	B	1
X	10200	C	1
X	10300	A	1
X	10300	A	1
X	10300	B	1
X	10300	B	1
X	10300	B	1
X	10300	B	1
X	10300	A	1
X	10300	C	1
X	10300	B	1
X	10300	B	1
X	10300	A	1
X	10300	A	1
X	10300	B	1
X	10300	B	1
X	10300	A	1
X	10400	A	1
X	10400	A	1
X	10400	B	1
X	10400	B	1
X	10400	B	1
X	10400	B	1
X	10400	B	1
X	10400	B	1
X	10400	B	1
X	10400	B	1
X	10400	A	1
X	10400	B	1
X	10400	B	1
X	10400	B	1
X	10400	A	1
X	10400	A	1
X	10400	B	1
X	10400	B	1
X	10400	B	1
X	10400	B	1
X	10400	B	1
X	10400	A	1
X	10400	A	1
X	10400	B	1
X	10400	B	1
X	10400	A	1
X	10400	A	1
X	10400	A	1
X	10400	B	1
X	10400	B	1
X	10400	A	1
X	10500	A	1
X	10500	B	1
X	10500	B	1
X	10500	B	1
X	10500	B	1
X	10500	B	1
X	10500	B	1
X	10500	B	1
X	10500	A	1
X	10600	B	1
X	10600	A	1
X	10600	A	1
X	10600	A	1
X	10700	B	1
X	10800	B	1
X	10800	B	1
X	10900	B	1
X	11000	B	1
X	11000	B	1
X	11100	B	1
X	11400	C	1
X	11500	C	1
X	12000	B	1
X	12000	B	1
X	12000	B	1
X	12000	B	1
X	12000	B	1
X	12000	B	1
X	12100	B	1
X	12100	A	1
X	12200	C	1
X	12200	B	1
X	12200	B	1
X	12200	B	1
X	12200	B	1
X	12200	C	1
X	12200	A	1
X	12300	A	1
X	12300	B	1
X	12300	B	1
X	12300	A	1
X	12300	B	1
X	12300	B	1
X	12300	B	1
X	12300	B	1
X	12300	B	1
X	12300	B	1
X	12300	B	1
X	12300	A	1
X	12300	A	1
X	12300	A	1
X	12300	A	1
X	12300	A	1
X	12300	B	1
X	12300	B	1
X	12300	B	1
X	12300	B	1
X	12300	A	1
X	12300	A	1
X	12300	B	1
X	12300	B	1
X	12300	B	1
X	12300	B	1
X	12300	B	1
X	12300	A	1
X	12300	B	1
X	12400	A	1
X	12400	B	1
X	12400	A	1
X	12400	A	1
X	12400	B	1
X	12400	A	1
X	12400	B	1
X	12400	B	1
X	12400	B	1
X	12400	B	1
X	12400	C	1
X	12400	A	1
X	12400	B	1
X	12400	B	1
X	12400	A	1
X	12400	A	1
X	12400	A	1
X	12400	A	1
X	12400	C	1
X	12500	B	1
X	12500	B	1
X	12500	A	1
X	12500	A	1
X	12500	B	1
X	12600	A	1
X	12600	A	1
X	12600	A	1
X	12700	B	1
X	12800	B	1
X	12800	B	1
X	12800	B	1
X	13000	B	1
X	13000	B	1
X	13200	B	1
X	13700	B	1
X	13700	C	1
X	13800	C	1
X	14100	B	1
X	14100	B	1
X	14100	B	1
X	14100	C	1
X	14200	B	1
X	14200	B	1
X	14200	A	1
X	14200	A	1
X	14200	A	1
X	14200	B	1
X	14200	B	1
X	14200	C	1
X	14200	C	1
X	14200	C	1
X	14200	B	1
X	14200	B	1
X	14300	B	1
X	14300	A	1
X	14300	C	1
X	14300	B	1
X	14300	B	1
X	14400	B	1
X	14400	B	1
X	14400	B	1
X	14400	A	1
X	14500	B	1
X	14500	B	1
X	14500	B	1
X	14600	A	1
X	14800	C	1
X	14900	B	1
X	15500	B	1
X	15500	B	1
X	15500	B	1
X	15500	B	1
X	16100	B	1
X	16200	B	1
X	16200	B	1
X	16200	B	1
X	16200	B	1
X	16200	B	1
X	16200	B	1
X	16200	B	1
X	16200	B	1
X	16200	B	1
X	16300	B	1
X	16300	B	1
X	16300	A	1
X	16300	A	1
X	16300	B	1
X	16300	B	1
X	16300	B	1
X	16400	C	1
X	16400	B	1
X	16400	B	1
X	16400	A	1
X	16400	B	1
X	16400	B	1
X	16400	A	1
X	16400	B	1
X	16400	B	1
X	16400	A	1
X	16400	B	1
X	16400	A	1
X	16400	B	1
X	16400	A	1
X	16400	A	1
X	16400	B	1
X	16400	A	1
X	16500	A	1
X	16500	B	1
X	16500	A	1
X	17200	B	1
X	18000	B	1
X	18000	B	1
X	18100	B	1
X	18100	B	1
X	18200	B	1
X	18200	B	1
X	18200	A	1
X	18200	B	1
X	18200	A	1
X	18300	B	1
X	18400	A	1
X	18400	A	1
X	18400	A	1
X	18500	B	1
X	18600	B	1
X	18600	B	1
X	19000	B	1
X	20000	B	1
X	20100	B	1
X	20100	B	1
X	20200	B	1
X	20300	B	1
X	20300	A	1
X	20300	A	1
X	20400	B	1
X	20400	B	1
X	20400	B	1
X	20400	A	1
X	20400	B	1
X	20400	B	1
X	20400	B	1
X	20400	B	1
X	20500	A	1
X	20600	A	1
X	22000	B	1
X	22100	B	1
X	22100	B	1
X	22100	B	1
X	22200	C	1
X	22200	B	1
X	22300	A	1
X	22600	B	1
X	22600	B	1
X	22600	B	1
X	22600	B	1
X	22600	B	1
X	23000	B	1
X	23000	B	1
X	23100	B	1
X	23400	A	1
X	24100	C	1
X	24100	C	1
X	24100	C	1
X	24100	C	1
X	24100	B	1
X	24100	B	1
X	24200	B	1
X	24300	B	1
X	24300	B	1
X	24400	B	1
X	24400	B	1
X	24400	B	1
X	24400	C	1
X	24400	B	1
X	24400	B	1
X	24400	B	1
X	24500	B	1
X	24500	B	1
X	25000	B	1
X	26400	B	1
X	26400	B	1
X	26400	A	1
X	27000	B	1
X	28300	A	1
X	28400	A	1
X	29000	B	1
X	30100	B	1
X	30400	B	1
X	30500	B	1
X	30500	A	1
X	30600	B	1
X	32100	A	1
X	32100	A	1
X	32300	B	1
X	33000	B	1
X	33400	B	1
X	33600	B	1
X	34200	B	1
X	34400	A	1
X	34400	A	1
X	36100	A	1
X	36200	B	1
X	36200	B	1
X	36300	A	1
X	36300	A	1
X	37000	B	1
X	38400	B	1
X	38500	A	1
X	40400	A	1
X	40500	B	1
X	40500	B	1
X	42200	B	1
X	44200	A	1
X	44400	B	1
X	44400	B	1
X	44400	A	1
X	44400	B	1
X	44400	A	1
X	45400	B	1
X	46100	B	1
X	47300	B	1
X	51400	A	1
X	54100	C	1
X	54100	A	1
X	54300	C	1
X	55200	B	1
X	58100	B	1
X	59900	A	1
X	62300	B	1
X	66400	C	1
X	68600	A	1
X	68800	B	1
X	69600	A	1
X	70900	A	1
X	75100	B	1
X	75600	A	1
X	76400	B	1
X	79300	A	1
X	80400	B	1
X	86000	B	1
X	91800	A	1
X	93300	B	1
X	99100	A	1
S	105000	249	25.916	0.104	5	0.347	0.069	0	0.000	0.000	0.600

